{
  "type": "FeatureCollection",
  "features": [
    {
      "type": "Feature",
      "geometry": {
        "geodesic": false,
        "type": "MultiPolygon",
        "coordinates": [
          [
            [
              [
                86.91572194423506,
                27.89755349197709
              ],
              [
                86.91572201415993,
                27.89746321774992
              ],
              [
                86.91582362412885,
                27.89746327984147
              ],
              [
                86.91582355428484,
                27.89755355406864
              ],
              [
                86.91572194423506,
                27.89755349197709
              ]
            ]
          ],
          [
            [
              [
                86.91602335973526,
                27.901977113514437
              ],
              [
                86.91602329004397,
                27.902067387678724
              ],
              [
                86.91592167577211,
                27.902067325721916
              ],
              [
                86.91592174555325,
                27.901977051566615
              ],
              [
                86.91602335973526,
                27.901977113514437
              ]
            ]
          ],
          [
            [
              [
                86.91948038048929,
                27.89909040126207
              ],
              [
                86.91958199198535,
                27.899090460586812
              ],
              [
                86.91958185851367,
                27.899271009005215
              ],
              [
                86.91948024684693,
                27.899270949680474
              ],
              [
                86.91948038048929,
                27.89909040126207
              ]
            ]
          ],
          [
            [
              [
                86.91988549680521,
                27.900896122098267
              ],
              [
                86.920088723175,
                27.900896240082997
              ],
              [
                86.92008865686137,
                27.90098651426525
              ],
              [
                86.9198854303209,
                27.90098639628052
              ],
              [
                86.91988549680521,
                27.900896122098267
              ]
            ]
          ],
          [
            [
              [
                86.9271020299323,
                27.897921077695532
              ],
              [
                86.92710196943975,
                27.898011351940664
              ],
              [
                86.92720357994766,
                27.898011405641952
              ],
              [
                86.92720351954495,
                27.898101679887084
              ],
              [
                86.92740674072246,
                27.89810178706508
              ],
              [
                86.9274066202494,
                27.898282335546366
              ],
              [
                86.92730500948996,
                27.89828228198881
              ],
              [
                86.92730488884622,
                27.89846283046111
              ],
              [
                86.92740649977634,
                27.898462884018667
              ],
              [
                86.92740643953532,
                27.898553158254817
              ],
              [
                86.92750805054628,
                27.898553211731524
              ],
              [
                86.92750787008373,
                27.898824034430994
              ],
              [
                86.9277110926177,
                27.898824141168816
              ],
              [
                86.92771103262821,
                27.898914415395982
              ],
              [
                86.9274061985802,
                27.898914255181452
              ],
              [
                86.92740625882122,
                27.898823980954283
              ],
              [
                86.92720303628725,
                27.898823873767306
              ],
              [
                86.92720291546385,
                27.899004422221637
              ],
              [
                86.92710130403067,
                27.899004368511367
              ],
              [
                86.92710094106637,
                27.899546013856405
              ],
              [
                86.9267961052487,
                27.899545852285417
              ],
              [
                86.92679604450461,
                27.8996361265036
              ],
              [
                86.92669443247856,
                27.899636072496886
              ],
              [
                86.92669437164464,
                27.89972634671507
              ],
              [
                86.92649114743081,
                27.89972623847706
              ],
              [
                86.9264910864352,
                27.899816512695246
              ],
              [
                86.92638947423846,
                27.899816458463953
              ],
              [
                86.92638959640934,
                27.899635910027584
              ],
              [
                86.92659282046147,
                27.899636018418306
              ],
              [
                86.92659288137622,
                27.899545744200122
              ],
              [
                86.92669449331247,
                27.8995457982787
              ],
              [
                86.92669461498028,
                27.899365249842333
              ],
              [
                86.92659300320575,
                27.899365195754772
              ],
              [
                86.92659306412051,
                27.899274921536588
              ],
              [
                86.92669467580521,
                27.899274975615167
              ],
              [
                86.92669473663912,
                27.899184701388
              ],
              [
                86.92679634824297,
                27.899184755394714
              ],
              [
                86.92679640898706,
                27.89909448117653
              ],
              [
                86.92689802050108,
                27.899094535102396
              ],
              [
                86.92689820249078,
                27.898823712420896
              ],
              [
                86.92710142501578,
                27.898823820057032
              ],
              [
                86.92710154600087,
                27.898643271593716
              ],
              [
                86.92689832380826,
                27.89864316395758
              ],
              [
                86.92689838447149,
                27.89855288973041
              ],
              [
                86.92679677346052,
                27.898552835795563
              ],
              [
                86.92679695569275,
                27.898282013096093
              ],
              [
                86.9268985664522,
                27.89828206702196
              ],
              [
                86.92689880908715,
                27.897920970068377
              ],
              [
                86.9271020299323,
                27.897921077695532
              ]
            ]
          ],
          [
            [
              [
                86.92811914812242,
                27.896386949046693
              ],
              [
                86.92811908847428,
                27.89647722330979
              ],
              [
                86.92801747940366,
                27.896477170291224
              ],
              [
                86.92801753913265,
                27.896386896028126
              ],
              [
                86.92811914812242,
                27.896386949046693
              ]
            ]
          ],
          [
            [
              [
                86.93187862447303,
                27.896479132634013
              ],
              [
                86.93208184265018,
                27.89647923292193
              ],
              [
                86.93208189900149,
                27.896388958649847
              ],
              [
                86.93228511700796,
                27.89638905863234
              ],
              [
                86.93228506081834,
                27.896479332904423
              ],
              [
                86.93218345172977,
                27.89647928294911
              ],
              [
                86.9321833954593,
                27.89656955722119
              ],
              [
                86.93208178628987,
                27.89656950718503
              ],
              [
                86.93208172993856,
                27.896659781457114
              ],
              [
                86.9319801206793,
                27.896659731349086
              ],
              [
                86.93198017712045,
                27.896569457085988
              ],
              [
                86.93187856795103,
                27.896569406906096
              ],
              [
                86.93187862447303,
                27.896479132634013
              ]
            ]
          ],
          [
            [
              [
                86.93584058046885,
                27.89783514817922
              ],
              [
                86.93584052723469,
                27.897925422433335
              ],
              [
                86.93573891678966,
                27.897925375101103
              ],
              [
                86.93573886346566,
                27.89801564935522
              ],
              [
                86.9356372529308,
                27.898015601942138
              ],
              [
                86.93563735974946,
                27.897835053433905
              ],
              [
                86.93584058046885,
                27.89783514817922
              ]
            ]
          ],
          [
            [
              [
                86.91572194423506,
                27.89755349197709
              ],
              [
                86.91572187430123,
                27.89764376619527
              ],
              [
                86.91622992498127,
                27.897644075907433
              ],
              [
                86.91623006400454,
                27.89746352746208
              ],
              [
                86.91633167397346,
                27.897463589185325
              ],
              [
                86.91633160454268,
                27.89755386340351
              ],
              [
                86.9165348246512,
                27.897553986616433
              ],
              [
                86.91653496316243,
                27.89737343817108
              ],
              [
                86.91663657305051,
                27.897373499660763
              ],
              [
                86.91663664222078,
                27.897283225433593
              ],
              [
                86.91683986182625,
                27.897283348197362
              ],
              [
                86.91683993082584,
                27.897193073970193
              ],
              [
                86.91724636969543,
                27.89719331859043
              ],
              [
                86.91724643836265,
                27.897103044354278
              ],
              [
                86.9177544865364,
                27.897103348442986
              ],
              [
                86.91775455478141,
                27.89701307421582
              ],
              [
                86.91805938343951,
                27.897013255765337
              ],
              [
                86.918059451433,
                27.896922981529187
              ],
              [
                86.91836427983958,
                27.89692316241395
              ],
              [
                86.91836434757256,
                27.8968328881778
              ],
              [
                86.91846595695758,
                27.89683294832001
              ],
              [
                86.91846588930545,
                27.89692322255616
              ],
              [
                86.91887232718688,
                27.896923462379394
              ],
              [
                86.91887239449764,
                27.896833188143244
              ],
              [
                86.91907561327666,
                27.89683330760121
              ],
              [
                86.91907568042573,
                27.89674303336506
              ],
              [
                86.91917728972092,
                27.896743092986245
              ],
              [
                86.91917735678913,
                27.89665281874111
              ],
              [
                86.91927896600347,
                27.896652878290432
              ],
              [
                86.91927889902509,
                27.896743152526582
              ],
              [
                86.91938050832925,
                27.89674321199505
              ],
              [
                86.9193804414407,
                27.896833486240187
              ],
              [
                86.91948205082572,
                27.89683354562781
              ],
              [
                86.919481984018,
                27.896923819872942
              ],
              [
                86.91958359349286,
                27.8969238791887
              ],
              [
                86.919583526766,
                27.897014153424852
              ],
              [
                86.9194819172103,
                27.897014094109092
              ],
              [
                86.91948185039361,
                27.897104368345243
              ],
              [
                86.9196850696757,
                27.89710448691388
              ],
              [
                86.91968500303867,
                27.89719476115003
              ],
              [
                86.91948178358591,
                27.897194642581393
              ],
              [
                86.91948171676921,
                27.897284916817544
              ],
              [
                86.91938010696198,
                27.89728485742094
              ],
              [
                86.91937990627835,
                27.897555680120405
              ],
              [
                86.91948151633711,
                27.897555739517014
              ],
              [
                86.91948118227162,
                27.89800711065285
              ],
              [
                86.91958279276156,
                27.898007169968608
              ],
              [
                86.91958265929887,
                27.89818771842294
              ],
              [
                86.91948104864723,
                27.8981876590982
              ],
              [
                86.91948091501384,
                27.898368207534567
              ],
              [
                86.91937930419152,
                27.898368148137962
              ],
              [
                86.91937937109805,
                27.898277873919778
              ],
              [
                86.91917614962408,
                27.898277754901983
              ],
              [
                86.91917581428298,
                27.89872912598392
              ],
              [
                86.91937903659237,
                27.898729245010696
              ],
              [
                86.91937917039644,
                27.898548696574327
              ],
              [
                86.91958239237346,
                27.898548815295676
              ],
              [
                86.91958245910931,
                27.898458541077492
              ],
              [
                86.91978568092463,
                27.898458659502396
              ],
              [
                86.91978561435947,
                27.89854893372058
              ],
              [
                86.91998883633649,
                27.898549051840057
              ],
              [
                86.91998890273096,
                27.898458777621872
              ],
              [
                86.92019212454629,
                27.898458895444904
              ],
              [
                86.92019205832248,
                27.898549169663088
              ],
              [
                86.9202936693155,
                27.89854922846681
              ],
              [
                86.92029360317254,
                27.898639502684993
              ],
              [
                86.92039521425536,
                27.89863956140786
              ],
              [
                86.92039514819326,
                27.898729835626046
              ],
              [
                86.92049675935695,
                27.89872989427705
              ],
              [
                86.92049682532922,
                27.898639620058866
              ],
              [
                86.92059843641205,
                27.898639678638006
              ],
              [
                86.92059830462921,
                27.898820227065393
              ],
              [
                86.91998863715304,
                27.89881987449461
              ],
              [
                86.91998870354752,
                27.898729600276425
              ],
              [
                86.91988709239283,
                27.89872954125711
              ],
              [
                86.91988702590851,
                27.89881981546631
              ],
              [
                86.91968380342843,
                27.89881969719412
              ],
              [
                86.91968393672045,
                27.898639148766737
              ],
              [
                86.9195823256466,
                27.89863908951386
              ],
              [
                86.91958225891076,
                27.898729363732045
              ],
              [
                86.91948064775606,
                27.898729304407304
              ],
              [
                86.91948058093936,
                27.89881957862549
              ],
              [
                86.91937896969483,
                27.8988195192199
              ],
              [
                86.91937883589078,
                27.899000067647282
              ],
              [
                86.91948044730599,
                27.899000127043887
              ],
              [
                86.91948038048929,
                27.89909040126207
              ],
              [
                86.91917554600111,
                27.89909022283869
              ],
              [
                86.91917561306934,
                27.89899994862949
              ],
              [
                86.9184643331988,
                27.89899952968219
              ],
              [
                86.91846413021548,
                27.89927035230081
              ],
              [
                86.91836251855773,
                27.8992702921586
              ],
              [
                86.91836238306483,
                27.89945084056802
              ],
              [
                86.91866721855912,
                27.89945102078803
              ],
              [
                86.91866735353997,
                27.899270472378614
              ],
              [
                86.91856574188222,
                27.899270412380137
              ],
              [
                86.9185658094535,
                27.899180138170934
              ],
              [
                86.91866742103939,
                27.899180198169415
              ],
              [
                86.9186674885298,
                27.89908992396021
              ],
              [
                86.91887071151294,
                27.89909004373259
              ],
              [
                86.91887064419319,
                27.89918031794179
              ],
              [
                86.9189722557701,
                27.899180377715687
              ],
              [
                86.9189721885312,
                27.89927065192489
              ],
              [
                86.9191754118557,
                27.89927077124811
              ],
              [
                86.91917534478748,
                27.89936104545731
              ],
              [
                86.91927695653507,
                27.89936110500663
              ],
              [
                86.91927688954769,
                27.89945137921583
              ],
              [
                86.91917527771926,
                27.89945131966651
              ],
              [
                86.91917521064205,
                27.89954159386673
              ],
              [
                86.91907359872378,
                27.899541534245543
              ],
              [
                86.91907339725863,
                27.899812356846194
              ],
              [
                86.91937823376801,
                27.89981253550314
              ],
              [
                86.91937830067452,
                27.899722261302923
              ],
              [
                86.9194799127545,
                27.899722320699528
              ],
              [
                86.91948004639686,
                27.89954177229909
              ],
              [
                86.91978488215166,
                27.89954195004874
              ],
              [
                86.9197848155865,
                27.89963222425794
              ],
              [
                86.9196832035784,
                27.899632165076927
              ],
              [
                86.91968307027739,
                27.899812713486348
              ],
              [
                86.9194798459378,
                27.899812594899746
              ],
              [
                86.91947964547875,
                27.9000834175004
              ],
              [
                86.91937803304845,
                27.90008335809481
              ],
              [
                86.9193779661509,
                27.900173632295026
              ],
              [
                86.91927635363975,
                27.90017357281757
              ],
              [
                86.91927628665238,
                27.90026384701779
              ],
              [
                86.91917467406037,
                27.900263787459487
              ],
              [
                86.91917460698318,
                27.90035406165072
              ],
              [
                86.91927621965603,
                27.900354121209023
              ],
              [
                86.91927615266866,
                27.90044439540026
              ],
              [
                86.91947937819401,
                27.900444514283304
              ],
              [
                86.91947957865307,
                27.900173691700616
              ],
              [
                86.91968280367539,
                27.900173810278233
              ],
              [
                86.91968267036539,
                27.900354358669688
              ],
              [
                86.91958105769254,
                27.90035429941681
              ],
              [
                86.91958079074018,
                27.90071539618175
              ],
              [
                86.91968240375441,
                27.900715455434625
              ],
              [
                86.9196823370994,
                27.90080572962586
              ],
              [
                86.91978395019447,
                27.90080578880687
              ],
              [
                86.91978401676862,
                27.900715514615637
              ],
              [
                86.91988562978283,
                27.900715573715797
              ],
              [
                86.91988549680521,
                27.900896122098267
              ],
              [
                86.91968227044441,
                27.900896003817092
              ],
              [
                86.91968220378942,
                27.900986277999344
              ],
              [
                86.91978381705516,
                27.900986337180356
              ],
              [
                86.91978375048102,
                27.90107661136261
              ],
              [
                86.91958052377885,
                27.90107649292872
              ],
              [
                86.9195805905147,
                27.900986218746468
              ],
              [
                86.91947897724896,
                27.900986159412746
              ],
              [
                86.91947891042328,
                27.90107643360398
              ],
              [
                86.9193772970767,
                27.90107637419839
              ],
              [
                86.91937723017017,
                27.90116664838064
              ],
              [
                86.91927561673376,
                27.901166588903184
              ],
              [
                86.91927554973739,
                27.901256863085436
              ],
              [
                86.91907232270286,
                27.901256743896965
              ],
              [
                86.91907238986091,
                27.901166469714713
              ],
              [
                86.91897077643348,
                27.90116641001268
              ],
              [
                86.91897084367237,
                27.90107613583043
              ],
              [
                86.9187676169792,
                27.9010760161928
              ],
              [
                86.91876754956064,
                27.901166290375052
              ],
              [
                86.91836109583292,
                27.90116605021046
              ],
              [
                86.91836102808199,
                27.901256324392712
              ],
              [
                86.91775134698736,
                27.901255961886562
              ],
              [
                86.91775127872438,
                27.90134623606881
              ],
              [
                86.91764966512626,
                27.901346175387616
              ],
              [
                86.91764959678244,
                27.901436449560883
              ],
              [
                86.9172431420576,
                27.901436206099476
              ],
              [
                86.9172432107338,
                27.901345931926205
              ],
              [
                86.91714159713568,
                27.901345870867715
              ],
              [
                86.91714166590172,
                27.901255596694448
              ],
              [
                86.91693843887616,
                27.90125547436187
              ],
              [
                86.916938232075,
                27.901526296881677
              ],
              [
                86.91714145960361,
                27.901526419214253
              ],
              [
                86.91714139084657,
                27.90161669338752
              ],
              [
                86.91703977699692,
                27.901616632257166
              ],
              [
                86.91703970814105,
                27.901706906430434
              ],
              [
                86.91693809421055,
                27.901706845228215
              ],
              [
                86.91693816314726,
                27.901616571054944
              ],
              [
                86.91673493544798,
                27.901616448425926
              ],
              [
                86.91673486634059,
                27.901706722590212
              ],
              [
                86.9166332524101,
                27.901706661163413
              ],
              [
                86.91663318322185,
                27.90179693533668
              ],
              [
                86.91632834116986,
                27.90179675059814
              ],
              [
                86.9163282717301,
                27.901887024762427
              ],
              [
                86.91612504352774,
                27.90188690122611
              ],
              [
                86.9161251131382,
                27.901796627061824
              ],
              [
                86.91582027109519,
                27.901796441200393
              ],
              [
                86.9158202012332,
                27.901886715364675
              ],
              [
                86.91561697303086,
                27.901886591082757
              ],
              [
                86.91561718312884,
                27.901615768589902
              ],
              [
                86.91541395543854,
                27.901615644002554
              ],
              [
                86.9154138852352,
                27.901705918175825
              ],
              [
                86.91551549916569,
                27.90170598050094
              ],
              [
                86.91551542905218,
                27.901796254665225
              ],
              [
                86.91541381504084,
                27.901796192340107
              ],
              [
                86.9154137448375,
                27.901886466504394
              ],
              [
                86.9153121307453,
                27.90188640409843
              ],
              [
                86.91531241188206,
                27.90152530743231
              ],
              [
                86.91510918436244,
                27.901525182404786
              ],
              [
                86.91510911390756,
                27.901615456569072
              ],
              [
                86.91490588621726,
                27.901615331245107
              ],
              [
                86.91490567435858,
                27.901886153737962
              ],
              [
                86.91480406025741,
                27.901886090954704
              ],
              [
                86.91480420167021,
                27.901705542626136
              ],
              [
                86.91470258774869,
                27.90170547978
              ],
              [
                86.91470265853593,
                27.90161520560673
              ],
              [
                86.91460104469527,
                27.901615142679745
              ],
              [
                86.91460111556337,
                27.90152486851546
              ],
              [
                86.9149059568428,
                27.901525057071836
              ],
              [
                86.91490609808491,
                27.901344508734283
              ],
              [
                86.91521093885231,
                27.901344696616928
              ],
              [
                86.91521086848728,
                27.901434970790195
              ],
              [
                86.91541409583623,
                27.901435095665
              ],
              [
                86.91541402564187,
                27.90152536983827
              ],
              [
                86.91551563940169,
                27.901525432163385
              ],
              [
                86.91551570951519,
                27.901435157990118
              ],
              [
                86.91561732318517,
                27.901435220243364
              ],
              [
                86.9156172531615,
                27.901525494416635
              ],
              [
                86.91582048068112,
                27.901525618698553
              ],
              [
                86.91582041081915,
                27.90161589286284
              ],
              [
                86.91592202466879,
                27.901615954891508
              ],
              [
                86.91592209444094,
                27.901525680727225
              ],
              [
                86.91612532196955,
                27.901525804559984
              ],
              [
                86.9161252523591,
                27.90161607872427
              ],
              [
                86.9163284800494,
                27.901616202260588
              ],
              [
                86.91632854948918,
                27.90152592808732
              ],
              [
                86.91643016325797,
                27.901525989738698
              ],
              [
                86.91643030196684,
                27.901345441392163
              ],
              [
                86.91622707477958,
                27.90134531801754
              ],
              [
                86.91622714430021,
                27.901255043844273
              ],
              [
                86.91612553079192,
                27.901254982040182
              ],
              [
                86.91612567000384,
                27.901074433684663
              ],
              [
                86.91622728335042,
                27.901074495488754
              ],
              [
                86.91622735287105,
                27.900984221315486
              ],
              [
                86.91673541915483,
                27.90098452919508
              ],
              [
                86.91673562645904,
                27.90071370665731
              ],
              [
                86.91663401345382,
                27.900713645230514
              ],
              [
                86.91663422100956,
                27.900442822674776
              ],
              [
                86.91693905926168,
                27.900443006730594
              ],
              [
                86.91693899033395,
                27.900533280912846
              ],
              [
                86.91714221601204,
                27.900533403245422
              ],
              [
                86.91714242229217,
                27.9002625806807
              ],
              [
                86.91693919712613,
                27.900262458348124
              ],
              [
                86.91693926605386,
                27.900172184165875
              ],
              [
                86.9168376535517,
                27.900172122882804
              ],
              [
                86.91683772256926,
                27.90008184869157
              ],
              [
                86.91673611014792,
                27.90008178734562
              ],
              [
                86.91673617924634,
                27.899991513154387
              ],
              [
                86.91643134226085,
                27.89999132865839
              ],
              [
                86.91643113420204,
                27.900262151223114
              ],
              [
                86.91612629646197,
                27.90026196605338
              ],
              [
                86.91612636606344,
                27.90017169186215
              ],
              [
                86.91602475356126,
                27.90017162998619
              ],
              [
                86.91602482325257,
                27.900081355794956
              ],
              [
                86.91582159842788,
                27.900081231827446
              ],
              [
                86.91582173814285,
                27.89990068344498
              ],
              [
                86.91592335038452,
                27.899900745464667
              ],
              [
                86.91592342015667,
                27.899810471273433
              ],
              [
                86.91582180799585,
                27.899810409253742
              ],
              [
                86.91582187784886,
                27.89972013506251
              ],
              [
                86.91572026577788,
                27.899720072961973
              ],
              [
                86.91572005595837,
                27.899990895535677
              ],
              [
                86.91551683130437,
                27.899990771110026
              ],
              [
                86.91551690140889,
                27.899900496918793
              ],
              [
                86.91541528916723,
                27.89990043460266
              ],
              [
                86.91541514877852,
                27.90008098297615
              ],
              [
                86.91531353636618,
                27.900080920579168
              ],
              [
                86.91531346609098,
                27.9001711947704
              ],
              [
                86.91541507858416,
                27.900171257167383
              ],
              [
                86.91541500838981,
                27.900261531349635
              ],
              [
                86.91561823355585,
                27.900261655928
              ],
              [
                86.91561830357952,
                27.90017138173676
              ],
              [
                86.9158215285659,
                27.9001715060097
              ],
              [
                86.91582145871291,
                27.900261780200932
              ],
              [
                86.91592307129592,
                27.900261842220623
              ],
              [
                86.91592300152378,
                27.900352116411856
              ],
              [
                86.91602461418765,
                27.90035217835968
              ],
              [
                86.91602454449635,
                27.900442452541927
              ],
              [
                86.91592293175164,
                27.900442390594108
              ],
              [
                86.9159228619705,
                27.900532664776357
              ],
              [
                86.91602447480506,
                27.900532726733164
              ],
              [
                86.91602440512273,
                27.900623000915413
              ],
              [
                86.91612601803813,
                27.90062306279137
              ],
              [
                86.91612622685152,
                27.900352240235634
              ],
              [
                86.91632945218824,
                27.90035236376297
              ],
              [
                86.91632938274847,
                27.90044263794522
              ],
              [
                86.91643099550217,
                27.9004426995966
              ],
              [
                86.91643092615223,
                27.900532973787833
              ],
              [
                86.91632931331768,
                27.900532912136455
              ],
              [
                86.91632910499837,
                27.90080373468321
              ],
              [
                86.91612587882621,
                27.900803611155872
              ],
              [
                86.91612580921576,
                27.900893885329143
              ],
              [
                86.915820969706,
                27.900893699476693
              ],
              [
                86.91582082998204,
                27.901074247832213
              ],
              [
                86.91602405666623,
                27.901074371808704
              ],
              [
                86.91602377790103,
                27.901435468510762
              ],
              [
                86.91592216422207,
                27.901435406553954
              ],
              [
                86.91592223399422,
                27.901345132380687
              ],
              [
                86.91571900680697,
                27.901345008251482
              ],
              [
                86.91571907675878,
                27.901254734078215
              ],
              [
                86.91582069026707,
                27.901254796178748
              ],
              [
                86.91582076012904,
                27.90116452200548
              ],
              [
                86.9157191467016,
                27.901164459904944
              ],
              [
                86.91571921664443,
                27.901074185731677
              ],
              [
                86.91561760330683,
                27.901074123550295
              ],
              [
                86.91561767333948,
                27.900983849377024
              ],
              [
                86.91551606008274,
                27.900983787123774
              ],
              [
                86.91551598996922,
                27.901074061306026
              ],
              [
                86.91541437663162,
                27.90107399897193
              ],
              [
                86.91541430642827,
                27.90116427315418
              ],
              [
                86.91531269300982,
                27.901164210748217
              ],
              [
                86.91531262272564,
                27.901254484921488
              ],
              [
                86.91500778220977,
                27.901254297263424
              ],
              [
                86.91500785274549,
                27.901164023090153
              ],
              [
                86.91490623931804,
                27.901163960396733
              ],
              [
                86.91490630994359,
                27.901073686223462
              ],
              [
                86.91480469660598,
                27.901073623440208
              ],
              [
                86.91480462589959,
                27.901163897613475
              ],
              [
                86.91470301248114,
                27.90116383476734
              ],
              [
                86.91470294169389,
                27.901254108940606
              ],
              [
                86.91460132818561,
                27.901254046013623
              ],
              [
                86.91460139906269,
                27.901163771840352
              ],
              [
                86.91449978563524,
                27.9011637088415
              ],
              [
                86.91449985659318,
                27.901073434668234
              ],
              [
                86.91439824325558,
                27.901073371588534
              ],
              [
                86.91439831430333,
                27.900983097415267
              ],
              [
                86.9144999275511,
                27.900983160494967
              ],
              [
                86.91450014041588,
                27.90071233796618
              ],
              [
                86.91460175341213,
                27.90071240096503
              ],
              [
                86.9146018242892,
                27.90062212678278
              ],
              [
                86.91470343720461,
                27.900622189709765
              ],
              [
                86.91470350798286,
                27.900531915527512
              ],
              [
                86.91480512081742,
                27.90053197838263
              ],
              [
                86.91480519151483,
                27.900441704200382
              ],
              [
                86.91490680426853,
                27.90044176697465
              ],
              [
                86.91490694550166,
                27.90026121861015
              ],
              [
                86.9147037203446,
                27.90026109298076
              ],
              [
                86.91470364955735,
                27.900351367163008
              ],
              [
                86.91460203689348,
                27.900351304245007
              ],
              [
                86.9146019660254,
                27.90044157842726
              ],
              [
                86.91450035328067,
                27.900441515428408
              ],
              [
                86.91450028232275,
                27.90053178961066
              ],
              [
                86.91439866949719,
                27.90053172653096
              ],
              [
                86.91439859845842,
                27.90062200071321
              ],
              [
                86.91429698554302,
                27.900621937561645
              ],
              [
                86.91429705667163,
                27.900531663379397
              ],
              [
                86.91399221818594,
                27.900531473484527
              ],
              [
                86.91399214680581,
                27.90062174766678
              ],
              [
                86.913788920984,
                27.900621620689915
              ],
              [
                86.91378899252582,
                27.900531346516644
              ],
              [
                86.9138906053514,
                27.900531410036518
              ],
              [
                86.91389074827336,
                27.900350861680998
              ],
              [
                86.91399236093723,
                27.900350925129008
              ],
              [
                86.91399243230838,
                27.900260650946755
              ],
              [
                86.91439888261351,
                27.900260903984204
              ],
              [
                86.91439895365228,
                27.900170629801956
              ],
              [
                86.91450056614546,
                27.90017069287267
              ],
              [
                86.91450070804335,
                27.899990144508166
              ],
              [
                86.91429748339833,
                27.899990018285887
              ],
              [
                86.91429755451796,
                27.899899744094654
              ],
              [
                86.91419594228528,
                27.899899680871222
              ],
              [
                86.91419601348575,
                27.89980940668897
              ],
              [
                86.91409440133391,
                27.899809343393677
              ],
              [
                86.91409447262421,
                27.89971906920244
              ],
              [
                86.91419608469519,
                27.899719132497736
              ],
              [
                86.91419622710512,
                27.899538584115266
              ],
              [
                86.91409461519584,
                27.899538520819974
              ],
              [
                86.91409454391452,
                27.899628795011207
              ],
              [
                86.91399293192438,
                27.899628731635065
              ],
              [
                86.91399300329553,
                27.89953845744383
              ],
              [
                86.91389139139524,
                27.899538394004804
              ],
              [
                86.91389153430822,
                27.899357845613352
              ],
              [
                86.91358669911935,
                27.899357654829153
              ],
              [
                86.91358677083186,
                27.899267380637916
              ],
              [
                86.91378999412042,
                27.899267507902245
              ],
              [
                86.91379006566225,
                27.899177233702027
              ],
              [
                86.91389167722119,
                27.8991772972219
              ],
              [
                86.91389196303817,
                27.898816200430012
              ],
              [
                86.91399357426474,
                27.89881626387802
              ],
              [
                86.91399371700703,
                27.898635715468604
              ],
              [
                86.9141969391188,
                27.898635842131057
              ],
              [
                86.91419686791833,
                27.89872611634026
              ],
              [
                86.91440009020975,
                27.898726242697286
              ],
              [
                86.91440016123956,
                27.898635968497068
              ],
              [
                86.91429855018366,
                27.89863590535449
              ],
              [
                86.91429869241392,
                27.898455356936086
              ],
              [
                86.91440030329913,
                27.89845542008765
              ],
              [
                86.91440037432892,
                27.89836514587845
              ],
              [
                86.91399393111149,
                27.898364892849983
              ],
              [
                86.9139940738448,
                27.898184344440565
              ],
              [
                86.91409568448746,
                27.898184407807726
              ],
              [
                86.91409575576878,
                27.89809413358954
              ],
              [
                86.91419736632162,
                27.898094196884834
              ],
              [
                86.9141974375131,
                27.898003922675635
              ],
              [
                86.91429904798508,
                27.89800398589008
              ],
              [
                86.91429890575482,
                27.898184534317465
              ],
              [
                86.91460373766483,
                27.898184723520632
              ],
              [
                86.91460387939203,
                27.898004175093245
              ],
              [
                86.91450226892006,
                27.89800411210338
              ],
              [
                86.91450241080895,
                27.897823563675995
              ],
              [
                86.91470563141155,
                27.897823689583863
              ],
              [
                86.91470570218982,
                27.897733415365682
              ],
              [
                86.91490892262173,
                27.897733540977107
              ],
              [
                86.91490899322932,
                27.897643266758923
              ],
              [
                86.91511221349056,
                27.89764339206492
              ],
              [
                86.91511207261675,
                27.89782394050129
              ],
              [
                86.91521368291805,
                27.897824003042
              ],
              [
                86.91521354220595,
                27.89800455147837
              ],
              [
                86.91511193174294,
                27.89800448893766
              ],
              [
                86.91511179086017,
                27.898185037365042
              ],
              [
                86.9153150121365,
                27.8981851623746
              ],
              [
                86.91531494187028,
                27.8982754365838
              ],
              [
                86.91551816331729,
                27.89827556129691
              ],
              [
                86.91551830352634,
                27.898095012869526
              ],
              [
                86.91561991407917,
                27.89809507511379
              ],
              [
                86.91561998409387,
                27.89800480090459
              ],
              [
                86.91551837362188,
                27.898004738660322
              ],
              [
                86.91551851383093,
                27.897824190223954
              ],
              [
                86.91562012413223,
                27.897824252468222
              ],
              [
                86.91562019414692,
                27.897733978250038
              ],
              [
                86.91531536349456,
                27.897733791292662
              ],
              [
                86.91531543376078,
                27.897643517074478
              ],
              [
                86.91521382363015,
                27.89764345460563
              ],
              [
                86.91521389397722,
                27.897553180387447
              ],
              [
                86.91572194423506,
                27.89755349197709
              ]
            ],
            [
              [
                86.91429755451796,
                27.899899744094654
              ],
              [
                86.91429769676618,
                27.89971919572117
              ],
              [
                86.91450092089916,
                27.899719321934462
              ],
              [
                86.91450077900127,
                27.899899870316933
              ],
              [
                86.91429755451796,
                27.899899744094654
              ]
            ],
            [
              [
                86.91470343720461,
                27.900622189709765
              ],
              [
                86.91480505012001,
                27.900622252555902
              ],
              [
                86.91480490871619,
                27.900802800920403
              ],
              [
                86.91470329563012,
                27.900802738065284
              ],
              [
                86.91470343720461,
                27.900622189709765
              ]
            ],
            [
              [
                86.91927615266866,
                27.90044439540026
              ],
              [
                86.91927608568128,
                27.900534669591494
              ],
              [
                86.91937769852481,
                27.900534729068948
              ],
              [
                86.91937763161829,
                27.90062500326018
              ],
              [
                86.91927601868493,
                27.900624943782727
              ],
              [
                86.91927595169756,
                27.900715217973964
              ],
              [
                86.91917433868335,
                27.900715158415657
              ],
              [
                86.91917427160614,
                27.900805432606894
              ],
              [
                86.91907265851108,
                27.900805372976723
              ],
              [
                86.91907259134405,
                27.900895647158976
              ],
              [
                86.91897097816815,
                27.900895587456944
              ],
              [
                86.9189712471417,
                27.900534490709973
              ],
              [
                86.91917447282877,
                27.900534610042172
              ],
              [
                86.91917453990597,
                27.90044433585094
              ],
              [
                86.91927615266866,
                27.90044439540026
              ]
            ],
            [
              [
                86.91439945090572,
                27.899538710481277
              ],
              [
                86.91439952193551,
                27.899448436290044
              ],
              [
                86.91450113375497,
                27.899448499360762
              ],
              [
                86.91450120470391,
                27.899358225169525
              ],
              [
                86.91470442817213,
                27.89935835108638
              ],
              [
                86.91470428660662,
                27.899538899468848
              ],
              [
                86.91439945090572,
                27.899538710481277
              ]
            ],
            [
              [
                86.91470393269735,
                27.899990270425022
              ],
              [
                86.9147040034756,
                27.899899996233785
              ],
              [
                86.91480561571727,
                27.899900059088907
              ],
              [
                86.91480554501986,
                27.89999033327116
              ],
              [
                86.91470393269735,
                27.899990270425022
              ]
            ],
            [
              [
                86.91480710032701,
                27.898004300857387
              ],
              [
                86.91480717102442,
                27.897914026639203
              ],
              [
                86.91501039178871,
                27.897914152097915
              ],
              [
                86.91501032127097,
                27.8980044263161
              ],
              [
                86.91480710032701,
                27.898004300857387
              ]
            ],
            [
              [
                86.91490793408865,
                27.898997379905918
              ],
              [
                86.9149080753128,
                27.89881683150548
              ],
              [
                86.9151112977749,
                27.898816956820465
              ],
              [
                86.91511115688313,
                27.8989975052209
              ],
              [
                86.91490793408865,
                27.898997379905918
              ]
            ],
            [
              [
                86.9152123461261,
                27.899539212962917
              ],
              [
                86.91521248684718,
                27.89935866456248
              ],
              [
                86.9154157103244,
                27.89935878943729
              ],
              [
                86.91541564013004,
                27.899449063628524
              ],
              [
                86.91531402831058,
                27.89944900123154
              ],
              [
                86.91531395803537,
                27.89953927543176
              ],
              [
                86.9152123461261,
                27.899539212962917
              ]
            ],
            [
              [
                86.91572033571171,
                27.89962979877074
              ],
              [
                86.91572047559737,
                27.899449250370303
              ],
              [
                86.91582208741683,
                27.89944931247084
              ],
              [
                86.91582215726982,
                27.89935903827062
              ],
              [
                86.91602538074703,
                27.899359162247116
              ],
              [
                86.91602545042934,
                27.899268888046898
              ],
              [
                86.91592383878057,
                27.899268826099075
              ],
              [
                86.91592390854373,
                27.899178551898856
              ],
              [
                86.91602552011166,
                27.89917861384668
              ],
              [
                86.91602558980296,
                27.89908833963748
              ],
              [
                86.91622881276813,
                27.899088463308544
              ],
              [
                86.91622860422424,
                27.89935928591818
              ],
              [
                86.91612699248563,
                27.89935922411409
              ],
              [
                86.91612685328269,
                27.899539772514522
              ],
              [
                86.91633007709228,
                27.899539896032874
              ],
              [
                86.91633014653205,
                27.89944962183266
              ],
              [
                86.91643175835151,
                27.899449683484036
              ],
              [
                86.91643189705138,
                27.8992691350836
              ],
              [
                86.91653350870016,
                27.899269196654128
              ],
              [
                86.91653364722936,
                27.899088648253695
              ],
              [
                86.91643203574228,
                27.899088586683163
              ],
              [
                86.91643210509223,
                27.898998312473964
              ],
              [
                86.91663532789569,
                27.89899843554316
              ],
              [
                86.91663539707496,
                27.89890816134294
              ],
              [
                86.91683861970775,
                27.898908284106707
              ],
              [
                86.91683868871633,
                27.898818009897507
              ],
              [
                86.9166354662542,
                27.89881788713374
              ],
              [
                86.91663560460375,
                27.89863733871534
              ],
              [
                86.91673721566862,
                27.898637400133154
              ],
              [
                86.91673742294589,
                27.898366577496567
              ],
              [
                86.91683903375923,
                27.898366638842518
              ],
              [
                86.91683910276781,
                27.89827636463332
              ],
              [
                86.9169407135003,
                27.89827642589842
              ],
              [
                86.91694078241905,
                27.89818615168922
              ],
              [
                86.9174488356503,
                27.898186456909805
              ],
              [
                86.91744890414685,
                27.89809618269162
              ],
              [
                86.91755051470865,
                27.898096243516548
              ],
              [
                86.91755065154004,
                27.89791569508018
              ],
              [
                86.91765226194016,
                27.897915755824258
              ],
              [
                86.91765233026602,
                27.897825481597092
              ],
              [
                86.91755071995573,
                27.897825420853014
              ],
              [
                86.91755078837143,
                27.89773514663483
              ],
              [
                86.9177540088213,
                27.89773526804214
              ],
              [
                86.91775387233129,
                27.89791581648749
              ],
              [
                86.91785548272242,
                27.89791587708784
              ],
              [
                86.91785541456724,
                27.898006151306024
              ],
              [
                86.91775380408627,
                27.898006090714656
              ],
              [
                86.91775373584126,
                27.89809636493284
              ],
              [
                86.91795695696489,
                27.89809648605269
              ],
              [
                86.91795688889056,
                27.898186760270875
              ],
              [
                86.91816011018486,
                27.898186881085298
              ],
              [
                86.91816004227222,
                27.898277155303482
              ],
              [
                86.91795682080723,
                27.89827703448906
              ],
              [
                86.9179566846496,
                27.898457582916443
              ],
              [
                86.91775346284325,
                27.898457461796593
              ],
              [
                86.91775332634424,
                27.89863801022398
              ],
              [
                86.91785493741808,
                27.89863807082433
              ],
              [
                86.91785500558225,
                27.898547796615127
              ],
              [
                86.91795661656627,
                27.898547857134627
              ],
              [
                86.91795654848296,
                27.89863813134383
              ],
              [
                86.91805815955681,
                27.898638191791463
              ],
              [
                86.91805795556738,
                27.89890901442805
              ],
              [
                86.91754989895844,
                27.898908711435286
              ],
              [
                86.91754983053377,
                27.89899898564449
              ],
              [
                86.91744821912755,
                27.898998924828543
              ],
              [
                86.91744828763306,
                27.898908650619344
              ],
              [
                86.91734667630769,
                27.89890858972255
              ],
              [
                86.91734681348942,
                27.89872804130415
              ],
              [
                86.91765164694453,
                27.89872822376995
              ],
              [
                86.91765171527938,
                27.898637949551766
              ],
              [
                86.91755010420552,
                27.898637888807684
              ],
              [
                86.91755024104589,
                27.8984573403803
              ],
              [
                86.91765185194906,
                27.898457401133363
              ],
              [
                86.91765192027492,
                27.89836712691518
              ],
              [
                86.91724547701259,
                27.89836688348072
              ],
              [
                86.91724540834537,
                27.898457157689922
              ],
              [
                86.91694057565381,
                27.89845697433479
              ],
              [
                86.91694036887961,
                27.89872779696239
              ],
              [
                86.91714359118002,
                27.89872791928598
              ],
              [
                86.91714338491785,
                27.898998741904602
              ],
              [
                86.91724499631509,
                27.898998802954107
              ],
              [
                86.91724485897167,
                27.89917935136353
              ],
              [
                86.91714324740374,
                27.89917929031402
              ],
              [
                86.91714331616079,
                27.899089016113802
              ],
              [
                86.91704170466474,
                27.899088954992433
              ],
              [
                86.91704163582683,
                27.899179229192647
              ],
              [
                86.9169400242589,
                27.89917916799941
              ],
              [
                86.91693988640344,
                27.899359716399847
              ],
              [
                86.91683827466484,
                27.89935965512576
              ],
              [
                86.91683820564728,
                27.89944992932598
              ],
              [
                86.91673659382784,
                27.899449867980028
              ],
              [
                86.91673666291726,
                27.89935959377981
              ],
              [
                86.91663505117866,
                27.89935953235301
              ],
              [
                86.9166349819994,
                27.89944980655323
              ],
              [
                86.91653337017993,
                27.899449745054564
              ],
              [
                86.91653330091084,
                27.899540019254783
              ],
              [
                86.91663491282013,
                27.899540080753447
              ],
              [
                86.91663484364088,
                27.899630354953665
              ],
              [
                86.91653323165075,
                27.899630293455
              ],
              [
                86.91653316238165,
                27.899720567646234
              ],
              [
                86.91622832615074,
                27.899720382701084
              ],
              [
                86.9162282566391,
                27.899810656892317
              ],
              [
                86.9161266444783,
                27.89981059509721
              ],
              [
                86.91612671407977,
                27.899720320905974
              ],
              [
                86.91592348992882,
                27.899720197082196
              ],
              [
                86.91592355969198,
                27.899629922890963
              ],
              [
                86.91572033571171,
                27.89962979877074
              ]
            ],
            [
              [
                86.91572166449969,
                27.897914588849822
              ],
              [
                86.91572173443353,
                27.897824314631638
              ],
              [
                86.91582334473483,
                27.897824376732174
              ],
              [
                86.91582327489081,
                27.89791465095036
              ],
              [
                86.91572166449969,
                27.897914588849822
              ]
            ],
            [
              [
                86.91582250653481,
                27.898907667269533
              ],
              [
                86.9158225763878,
                27.898817393060334
              ],
              [
                86.91592418761437,
                27.89881745508002
              ],
              [
                86.9159241178512,
                27.89890772928922
              ],
              [
                86.91582250653481,
                27.898907667269533
              ]
            ],
            [
              [
                86.91602642599076,
                27.898005049127068
              ],
              [
                86.9160264956641,
                27.897914774908884
              ],
              [
                86.91612810605523,
                27.897914836775858
              ],
              [
                86.91612803646274,
                27.898005110994042
              ],
              [
                86.91602642599076,
                27.898005049127068
              ]
            ],
            [
              [
                86.91633063254757,
                27.89881770241317
              ],
              [
                86.91633070197835,
                27.89872742821295
              ],
              [
                86.91653392427878,
                27.898727551425875
              ],
              [
                86.91653385501867,
                27.898817825635074
              ],
              [
                86.91633063254757,
                27.89881770241317
              ]
            ],
            [
              [
                86.9163312574067,
                27.898005234512393
              ],
              [
                86.91633139626828,
                27.897824686076024
              ],
              [
                86.91653461687986,
                27.897824809279967
              ],
              [
                86.91653468613099,
                27.897734535061783
              ],
              [
                86.91663629636042,
                27.897734596560447
              ],
              [
                86.91663622718116,
                27.89782487077863
              ],
              [
                86.91673783749144,
                27.897824932196446
              ],
              [
                86.91673769931258,
                27.898005480632815
              ],
              [
                86.91683930978456,
                27.898005541978765
              ],
              [
                86.91683924078497,
                27.89809581619695
              ],
              [
                86.91663601966134,
                27.898095693433184
              ],
              [
                86.91663615801087,
                27.897915144996816
              ],
              [
                86.91643293722862,
                27.897915021936605
              ],
              [
                86.91643286788766,
                27.89800529615479
              ],
              [
                86.9163312574067,
                27.898005234512393
              ]
            ],
            [
              [
                86.91683951680132,
                27.897734719324216
              ],
              [
                86.9168396548095,
                27.89755417086988
              ],
              [
                86.91704287491802,
                27.8975542933372
              ],
              [
                86.91704273725121,
                27.897734841782555
              ],
              [
                86.91683951680132,
                27.897734719324216
              ]
            ],
            [
              [
                86.91704025893408,
                27.90098471302632
              ],
              [
                86.91704032778097,
                27.900894438853054
              ],
              [
                86.91724355413278,
                27.900894561032917
              ],
              [
                86.91724348545658,
                27.900984835206184
              ],
              [
                86.91704025893408,
                27.90098471302632
              ]
            ],
            [
              [
                86.91744657495006,
                27.901165505454106
              ],
              [
                86.91744664346457,
                27.901075231271854
              ],
              [
                86.91754825681116,
                27.90107529209678
              ],
              [
                86.91754818838648,
                27.901165566279033
              ],
              [
                86.91744657495006,
                27.901165505454106
              ]
            ],
            [
              [
                86.91754839366051,
                27.90089474374126
              ],
              [
                86.91754846208518,
                27.900804469550028
              ],
              [
                86.9177516882753,
                27.900804590984286
              ],
              [
                86.91775162001233,
                27.90089486516654
              ],
              [
                86.91754839366051,
                27.90089474374126
              ]
            ],
            [
              [
                86.91795709312254,
                27.89791593760734
              ],
              [
                86.91795716119687,
                27.89782566338017
              ],
              [
                86.91805877150715,
                27.897825723827808
              ],
              [
                86.91805883950063,
                27.897735449609623
              ],
              [
                86.91816044973007,
                27.89773550997641
              ],
              [
                86.91816038182641,
                27.89782578420358
              ],
              [
                86.91846521275725,
                27.897825964863767
              ],
              [
                86.9184653480705,
                27.897645416409432
              ],
              [
                86.91866856835868,
                27.89764553647825
              ],
              [
                86.91866850086825,
                27.89773581070542
              ],
              [
                86.91877011109769,
                27.89773587062305
              ],
              [
                86.9187700436971,
                27.897826144850217
              ],
              [
                86.91887165400738,
                27.89782620469598
              ],
              [
                86.91887158669661,
                27.897916478923147
              ],
              [
                86.91907480748786,
                27.897916598390097
              ],
              [
                86.91907487463692,
                27.89782632416293
              ],
              [
                86.91897326432664,
                27.897826264469877
              ],
              [
                86.91897333155656,
                27.897735990242712
              ],
              [
                86.91887172132712,
                27.897735930468812
              ],
              [
                86.91887185596661,
                27.897555382014477
              ],
              [
                86.91917668615186,
                27.897555561102614
              ],
              [
                86.91917641788797,
                27.897916658011283
              ],
              [
                86.91927802828808,
                27.8979167175606
              ],
              [
                86.91927796130969,
                27.898006991778786
              ],
              [
                86.91917635081975,
                27.89800693223845
              ],
              [
                86.91917628375153,
                27.898097206456633
              ],
              [
                86.91907467318973,
                27.898097146835447
              ],
              [
                86.91907460603167,
                27.89818742105363
              ],
              [
                86.91897299538901,
                27.89818736136058
              ],
              [
                86.91897286091121,
                27.89836790979695
              ],
              [
                86.91866802845323,
                27.898367730259658
              ],
              [
                86.91866789347237,
                27.89854827868704
              ],
              [
                86.91856628248836,
                27.898548218697545
              ],
              [
                86.9185662149081,
                27.89863849290675
              ],
              [
                86.91866782598194,
                27.898638552905226
              ],
              [
                86.91866769100109,
                27.89881910133261
              ],
              [
                86.91856607976554,
                27.898819041334132
              ],
              [
                86.91856601218528,
                27.89890931554333
              ],
              [
                86.91836278953453,
                27.8989091953218
              ],
              [
                86.91836285728547,
                27.898818921112596
              ],
              [
                86.91815963480539,
                27.89881880059462
              ],
              [
                86.91815977063067,
                27.898638252167235
              ],
              [
                86.91836299276937,
                27.898638372685213
              ],
              [
                86.91836306051134,
                27.898548098476013
              ],
              [
                86.91815983854329,
                27.898547977958035
              ],
              [
                86.91815997435958,
                27.898367429521667
              ],
              [
                86.9185664176309,
                27.89836767026118
              ],
              [
                86.91856662035372,
                27.898096847597643
              ],
              [
                86.91876984148632,
                27.898096967522733
              ],
              [
                86.91876990888692,
                27.898006693295567
              ],
              [
                86.91866829840595,
                27.89800663337794
              ],
              [
                86.91866836589638,
                27.89791635915077
              ],
              [
                86.91836353470502,
                27.89791617893974
              ],
              [
                86.91836346696307,
                27.898006453166907
              ],
              [
                86.91816024600114,
                27.89800633264893
              ],
              [
                86.91816031391377,
                27.897916058421764
              ],
              [
                86.91795709312254,
                27.89791593760734
              ]
            ],
            [
              [
                86.91836177333333,
                27.90026330834303
              ],
              [
                86.91836184108426,
                27.900173034151795
              ],
              [
                86.91846345358644,
                27.900173094302986
              ],
              [
                86.91846338592534,
                27.900263368494223
              ],
              [
                86.91836177333333,
                27.90026330834303
              ]
            ],
            [
              [
                86.91836394114777,
                27.897374533576738
              ],
              [
                86.91836400888074,
                27.897284259349572
              ],
              [
                86.91856722849519,
                27.897284379562123
              ],
              [
                86.91856716092393,
                27.89737465378929
              ],
              [
                86.91836394114777,
                27.897374533576738
              ]
            ],
            [
              [
                86.91846297993175,
                27.900805013632645
              ],
              [
                86.91846311526294,
                27.90062446525916
              ],
              [
                86.91876795404507,
                27.900624645263576
              ],
              [
                86.91876775180734,
                27.900895467828295
              ],
              [
                86.91866613862246,
                27.900895407901682
              ],
              [
                86.91866620612186,
                27.90080513371045
              ],
              [
                86.91846297993175,
                27.900805013632645
              ]
            ],
            [
              [
                86.91856513367786,
                27.900082880182094
              ],
              [
                86.91856533640964,
                27.899812057590424
              ],
              [
                86.91876856074924,
                27.899812177515514
              ],
              [
                86.91876842593008,
                27.89999272591595
              ],
              [
                86.91866681358961,
                27.899992665989338
              ],
              [
                86.91866674609918,
                27.900082940189556
              ],
              [
                86.91856513367786,
                27.900082880182094
              ]
            ],
            [
              [
                86.91897158336315,
                27.900083119744814
              ],
              [
                86.91897165060205,
                27.8999928455446
              ],
              [
                86.91907326294252,
                27.89999290524663
              ],
              [
                86.91907319578448,
                27.90008317944685
              ],
              [
                86.91897158336315,
                27.900083119744814
              ]
            ],
            [
              [
                86.91693967962026,
                27.8996305390005
              ],
              [
                86.91683806763012,
                27.899630477726415
              ],
              [
                86.9168381366387,
                27.899540203526197
              ],
              [
                86.91693974854799,
                27.899540264800283
              ],
              [
                86.91693967962026,
                27.8996305390005
              ]
            ],
            [
              [
                86.91734571605356,
                27.900172428516615
              ],
              [
                86.91744732855574,
                27.900172489413407
              ],
              [
                86.91744726005021,
                27.90026276360464
              ],
              [
                86.91754887263323,
                27.900262824429568
              ],
              [
                86.91754880420856,
                27.900353098620805
              ],
              [
                86.91785364222712,
                27.900353280655413
              ],
              [
                86.91785371040027,
                27.90026300646418
              ],
              [
                86.9181585481583,
                27.90026318781607
              ],
              [
                86.91815848024567,
                27.900353462007303
              ],
              [
                86.91826009291852,
                27.900353522311207
              ],
              [
                86.91825995724597,
                27.900534070684692
              ],
              [
                86.91805673156789,
                27.90053395000502
              ],
              [
                86.91805666355643,
                27.900624224196253
              ],
              [
                86.91795505063206,
                27.900624163739636
              ],
              [
                86.91795498254874,
                27.90071443793087
              ],
              [
                86.91785336953453,
                27.900714377402384
              ],
              [
                86.91785343770768,
                27.90062410322013
              ],
              [
                86.9177518247833,
                27.9006240426108
              ],
              [
                86.91775189304627,
                27.90053376842855
              ],
              [
                86.91754866735921,
                27.90053364699429
              ],
              [
                86.91754873578388,
                27.90044337281204
              ],
              [
                86.91734551027649,
                27.900443251081334
              ],
              [
                86.91734571605356,
                27.900172428516615
              ]
            ],
            [
              [
                86.9156178834195,
                27.900713026839252
              ],
              [
                86.91571949642473,
                27.900713089020638
              ],
              [
                86.9157194264819,
                27.900803363193905
              ],
              [
                86.91561781338685,
                27.900803301021504
              ],
              [
                86.9156178834195,
                27.900713026839252
              ]
            ],
            [
              [
                86.91663339078659,
                27.90152611282586
              ],
              [
                86.91663345997482,
                27.901435838652592
              ],
              [
                86.91673507365378,
                27.901435900079388
              ],
              [
                86.9167350045464,
                27.90152617425266
              ],
              [
                86.91663339078659,
                27.90152611282586
              ]
            ],
            [
              [
                86.91663339078659,
                27.90152611282586
              ],
              [
                86.91663332159834,
                27.901616386999127
              ],
              [
                86.91653170774869,
                27.901616325491478
              ],
              [
                86.91653177701778,
                27.90152605131821
              ],
              [
                86.91663339078659,
                27.90152611282586
              ]
            ],
            [
              [
                86.91541437663162,
                27.90107399897193
              ],
              [
                86.9152111499564,
                27.901073874097122
              ],
              [
                86.91521129068649,
                27.900893325741603
              ],
              [
                86.91510967751057,
                27.900893263191907
              ],
              [
                86.91510981841132,
                27.900712714836388
              ],
              [
                86.91500820541508,
                27.900712652214832
              ],
              [
                86.9150082759508,
                27.90062237803258
              ],
              [
                86.9149066630354,
                27.900622315339156
              ],
              [
                86.91490673365196,
                27.900532041156904
              ],
              [
                86.91500834647753,
                27.900532103850328
              ],
              [
                86.91500841701324,
                27.900441829668075
              ],
              [
                86.9155164807548,
                27.900442142048234
              ],
              [
                86.91551634052779,
                27.900622690412735
              ],
              [
                86.91561795344317,
                27.900622752657004
              ],
              [
                86.9156178834195,
                27.900713026839252
              ],
              [
                86.91551627041427,
                27.900712964594987
              ],
              [
                86.91551620030077,
                27.900803238768255
              ],
              [
                86.91541458722367,
                27.90080317644314
              ],
              [
                86.91541437663162,
                27.90107399897193
              ]
            ],
            [
              [
                86.91693926605386,
                27.900172184165875
              ],
              [
                86.91693940390932,
                27.89999163577442
              ],
              [
                86.91704101624082,
                27.89999169697664
              ],
              [
                86.9170410850877,
                27.89990142278541
              ],
              [
                86.91693947283706,
                27.899901361583186
              ],
              [
                86.91693967962026,
                27.8996305390005
              ],
              [
                86.91704129161937,
                27.89963060019374
              ],
              [
                86.91704122277248,
                27.899720874393953
              ],
              [
                86.91714283485244,
                27.899720935515326
              ],
              [
                86.9171429036095,
                27.899630661324093
              ],
              [
                86.91724451560862,
                27.899630722373598
              ],
              [
                86.91724458428482,
                27.899540448173383
              ],
              [
                86.91744780810339,
                27.899540570047815
              ],
              [
                86.91744801361996,
                27.89926974743818
              ],
              [
                86.91765123693547,
                27.89926986901617
              ],
              [
                86.91765110026579,
                27.899450417416606
              ],
              [
                86.91775271209421,
                27.89945047808882
              ],
              [
                86.91775278033923,
                27.8993602038886
              ],
              [
                86.91785439208681,
                27.89936026448895
              ],
              [
                86.91785432392265,
                27.89945053868917
              ],
              [
                86.91795593575108,
                27.89945059921765
              ],
              [
                86.91795607191771,
                27.899270050808234
              ],
              [
                86.91805768357547,
                27.89927011125587
              ],
              [
                86.91805775156895,
                27.89917983705565
              ],
              [
                86.91826097472277,
                27.899179957726343
              ],
              [
                86.9182607034046,
                27.899541054545182
              ],
              [
                86.91815909149533,
                27.899540994241278
              ],
              [
                86.91815902357371,
                27.899631268441492
              ],
              [
                86.91826063557282,
                27.8996313287454
              ],
              [
                86.91826056774103,
                27.89972160294562
              ],
              [
                86.91846379190994,
                27.899721723319864
              ],
              [
                86.91846365657874,
                27.899902271711316
              ],
              [
                86.91815881982681,
                27.899902091042147
              ],
              [
                86.91815875191418,
                27.89999236523338
              ],
              [
                86.91785391491072,
                27.89999218388149
              ],
              [
                86.91785384673757,
                27.900082458072728
              ],
              [
                86.91734578464892,
                27.90008215432538
              ],
              [
                86.91734571605356,
                27.900172428516615
              ],
              [
                86.91693926605386,
                27.900172184165875
              ]
            ]
          ],
          [
            [
              [
                86.91612504352774,
                27.90188690122611
              ],
              [
                86.91612497391729,
                27.901977175399377
              ],
              [
                86.91602335973526,
                27.901977113514437
              ],
              [
                86.91602342942657,
                27.90188683935015
              ],
              [
                86.91612504352774,
                27.90188690122611
              ]
            ]
          ],
          [
            [
              [
                86.9172431420576,
                27.901436206099476
              ],
              [
                86.9172430733724,
                27.901526480272743
              ],
              [
                86.91714145960361,
                27.901526419214253
              ],
              [
                86.91714152836965,
                27.901436145040986
              ],
              [
                86.9172431420576,
                27.901436206099476
              ]
            ]
          ],
          [
            [
              [
                86.92120941046984,
                27.896834543871687
              ],
              [
                86.92120954121962,
                27.89665399538142
              ],
              [
                86.92100632277298,
                27.896653879067557
              ],
              [
                86.92100651940521,
                27.896383056323174
              ],
              [
                86.92110812837701,
                27.896383114516038
              ],
              [
                86.92110819383724,
                27.896292840270903
              ],
              [
                86.92120980272819,
                27.896292898391902
              ],
              [
                86.92120986809859,
                27.896202624137786
              ],
              [
                86.9213114768997,
                27.896202682177936
              ],
              [
                86.92131154218926,
                27.89611240792382
              ],
              [
                86.92161636835006,
                27.89611258161308
              ],
              [
                86.92161630331202,
                27.896202855867198
              ],
              [
                86.92192112973333,
                27.89620302887374
              ],
              [
                86.92192119451084,
                27.896112754619622
              ],
              [
                86.92181958579059,
                27.896112697028627
              ],
              [
                86.92181965065792,
                27.89602242276553
              ],
              [
                86.92202286793676,
                27.896022537884633
              ],
              [
                86.92202273853444,
                27.896203086392866
              ],
              [
                86.92222595614565,
                27.896203201206543
              ],
              [
                86.9222260852066,
                27.89602265269831
              ],
              [
                86.92232769384603,
                27.896022709992856
              ],
              [
                86.9223278227363,
                27.89584216147564
              ],
              [
                86.92273425662023,
                27.895842389908236
              ],
              [
                86.922734320724,
                27.895752115645134
              ],
              [
                86.92334397105134,
                27.895752456043745
              ],
              [
                86.92334403465206,
                27.895662181780647
              ],
              [
                86.92395368447633,
                27.895662519475326
              ],
              [
                86.92395374757399,
                27.895572245203244
              ],
              [
                86.92425857224359,
                27.895572413044473
              ],
              [
                86.92425863508073,
                27.89548213878137
              ],
              [
                86.9245634594988,
                27.89548230593988
              ],
              [
                86.92456352208443,
                27.895392031667797
              ],
              [
                86.92476673819544,
                27.8953921427355
              ],
              [
                86.9247666757805,
                27.89548241700758
              ],
              [
                86.92496989205323,
                27.895482527769857
              ],
              [
                86.92496995430648,
                27.895392253506756
              ],
              [
                86.92547799459301,
                27.895392529109888
              ],
              [
                86.92547805642405,
                27.8953022548378
              ],
              [
                86.92598609628838,
                27.895302528572437
              ],
              [
                86.92598615769721,
                27.89521225429137
              ],
              [
                86.92629098136968,
                27.895212417632038
              ],
              [
                86.92629092021237,
                27.895302691913106
              ],
              [
                86.92720539199333,
                27.895303177883708
              ],
              [
                86.92720545239604,
                27.895212903611625
              ],
              [
                86.92751027607748,
                27.895213064257348
              ],
              [
                86.92751021592629,
                27.89530333852943
              ],
              [
                86.9277134318846,
                27.895303445249287
              ],
              [
                86.9277134918651,
                27.895213170977204
              ],
              [
                86.92791670765274,
                27.895213277400615
              ],
              [
                86.9279166478429,
                27.895303551672697
              ],
              [
                86.92811986380121,
                27.895303657799666
              ],
              [
                86.92811992344036,
                27.8952133835186
              ],
              [
                86.92842474713079,
                27.89521354214311
              ],
              [
                86.92842480651842,
                27.895123267862044
              ],
              [
                86.92944088464807,
                27.895123791723588
              ],
              [
                86.92944094319128,
                27.89503351744252
              ],
              [
                86.9295425509234,
                27.89503356941904
              ],
              [
                86.92954249247003,
                27.89512384370011
              ],
              [
                86.929644100283,
                27.895123895604765
              ],
              [
                86.92964415865552,
                27.895033621314717
              ],
              [
                86.92974576638764,
                27.895033673138524
              ],
              [
                86.92974570809596,
                27.895123947428573
              ],
              [
                86.93015213936579,
                27.89512415397821
              ],
              [
                86.9301521973161,
                27.89503387969714
              ],
              [
                86.93025380504822,
                27.895033931143658
              ],
              [
                86.9302538629177,
                27.89494365685361
              ],
              [
                86.93035547055999,
                27.89494370822826
              ],
              [
                86.93035541278034,
                27.89503398251831
              ],
              [
                86.9307618437178,
                27.89503418727131
              ],
              [
                86.93076190115607,
                27.89494391298126
              ],
              [
                86.9316763700175,
                27.89494436929848
              ],
              [
                86.93167631333381,
                27.895034643579542
              ],
              [
                86.93177792106593,
                27.895034693912148
              ],
              [
                86.93177797766877,
                27.8949444196221
              ],
              [
                86.93208280063156,
                27.89494457015279
              ],
              [
                86.93208257522629,
                27.895305667304005
              ],
              [
                86.93218418321892,
                27.895305717331183
              ],
              [
                86.93218401441649,
                27.895576540183367
              ],
              [
                86.93228562266066,
                27.895576590138678
              ],
              [
                86.93228551029938,
                27.89575713870081
              ],
              [
                86.93218390188454,
                27.895757088745498
              ],
              [
                86.9321837893436,
                27.89593763730763
              ],
              [
                86.93228539792912,
                27.895937687262943
              ],
              [
                86.93228534174848,
                27.896027961535026
              ],
              [
                86.93187890708302,
                27.896027761264616
              ],
              [
                86.93187879403902,
                27.896208309817766
              ],
              [
                86.93198040287606,
                27.896208359997658
              ],
              [
                86.93198034643491,
                27.89629863426974
              ],
              [
                86.93187873751702,
                27.89629858408985
              ],
              [
                86.93187862447303,
                27.896479132634013
              ],
              [
                86.93177701538445,
                27.896479082382257
              ],
              [
                86.93177712859914,
                27.89629853383809
              ],
              [
                86.93167551968124,
                27.896298483505486
              ],
              [
                86.93167529291951,
                27.896659580584835
              ],
              [
                86.93177690216979,
                27.896659630917437
              ],
              [
                86.9317767889551,
                27.89684017945262
              ],
              [
                86.93147196069225,
                27.896840028230226
              ],
              [
                86.9314720175556,
                27.896749753967125
              ],
              [
                86.93157362688673,
                27.896749804443463
              ],
              [
                86.93157374044277,
                27.89656925590828
              ],
              [
                86.93137052210392,
                27.89656915487476
              ],
              [
                86.9313703512713,
                27.896839977673043
              ],
              [
                86.93106552299948,
                27.896839825561315
              ],
              [
                86.93106546580374,
                27.896930099824417
              ],
              [
                86.93096385630194,
                27.896930048970788
              ],
              [
                86.93096379901637,
                27.897020323233885
              ],
              [
                86.93076057984209,
                27.89702022129307
              ],
              [
                86.93076052238585,
                27.897110495556166
              ],
              [
                86.93055730304089,
                27.897110393318904
              ],
              [
                86.93055741828576,
                27.89692984480169
              ],
              [
                86.93086224679115,
                27.89692999803631
              ],
              [
                86.93086230416655,
                27.896839723773212
              ],
              [
                86.9309639135875,
                27.896839774707686
              ],
              [
                86.93096397086408,
                27.89674950044459
              ],
              [
                86.9311671895353,
                27.89674960207998
              ],
              [
                86.93116724665019,
                27.896659327807896
              ],
              [
                86.93126885590945,
                27.896659378517793
              ],
              [
                86.93126896995955,
                27.896478829982613
              ],
              [
                86.9310657517914,
                27.896478728499932
              ],
              [
                86.93106569459566,
                27.896569002763034
              ],
              [
                86.93076086709637,
                27.89656884997757
              ],
              [
                86.93076080964012,
                27.89665912424067
              ],
              [
                86.93055759113959,
                27.89665902201239
              ],
              [
                86.93055753352164,
                27.89674929627549
              ],
              [
                86.93045592419053,
                27.896749245044568
              ],
              [
                86.93045580877498,
                27.896929793570767
              ],
              [
                86.93025258977138,
                27.89692969088435
              ],
              [
                86.93025264764086,
                27.896839416621248
              ],
              [
                86.93004942880793,
                27.896839313638385
              ],
              [
                86.93004937076778,
                27.896929587901482
              ],
              [
                86.93015098026957,
                27.896929639428848
              ],
              [
                86.93015092231028,
                27.89701991369195
              ],
              [
                86.93045575107618,
                27.897020067833868
              ],
              [
                86.93045563566064,
                27.897200616351086
              ],
              [
                86.93055724542295,
                27.897200667582005
              ],
              [
                86.93055718779603,
                27.897290941836122
              ],
              [
                86.9308620173255,
                27.897291095079726
              ],
              [
                86.93086195995909,
                27.897381369333843
              ],
              [
                86.93106517980709,
                27.897381471121946
              ],
              [
                86.93106535140329,
                27.897110648350615
              ],
              [
                86.93116696108474,
                27.897110699123395
              ],
              [
                86.93116690396987,
                27.897200973386493
              ],
              [
                86.93126851372318,
                27.897201024096393
              ],
              [
                86.93126845669813,
                27.89729129835051
              ],
              [
                86.93116684685498,
                27.897291247649594
              ],
              [
                86.93116667550133,
                27.897562070411944
              ],
              [
                86.93136989569969,
                27.89756217175089
              ],
              [
                86.93136995264389,
                27.897471897496775
              ],
              [
                86.93147156265773,
                27.89747194805396
              ],
              [
                86.93147161952109,
                27.897381673799842
              ],
              [
                86.93157322944509,
                27.897381724276176
              ],
              [
                86.9315732862276,
                27.89729145002206
              ],
              [
                86.93167489607077,
                27.897291500426533
              ],
              [
                86.93167495276344,
                27.897201226163432
              ],
              [
                86.93177656252576,
                27.897201276496038
              ],
              [
                86.93177667574044,
                27.89702072797882
              ],
              [
                86.93187828533206,
                27.897020778230576
              ],
              [
                86.93187839838504,
                27.896840229704377
              ],
              [
                86.93198000780599,
                27.89684027988427
              ],
              [
                86.93198006424714,
                27.896750005621172
              ],
              [
                86.93218328291836,
                27.896750105756375
              ],
              [
                86.9321832266479,
                27.896840380019476
              ],
              [
                86.93238644549878,
                27.896840479858234
              ],
              [
                86.93238650159856,
                27.896750205595136
              ],
              [
                86.93258972027877,
                27.89675030512847
              ],
              [
                86.93258966434966,
                27.896840579400553
              ],
              [
                86.93248805491973,
                27.896840529669817
              ],
              [
                86.93248799890976,
                27.896930803932918
              ],
              [
                86.93258960841156,
                27.89693085366365
              ],
              [
                86.93258955248245,
                27.897021127926752
              ],
              [
                86.9326911620741,
                27.89702117758562
              ],
              [
                86.93269121792235,
                27.89693090332252
              ],
              [
                86.93279282743313,
                27.89693095290054
              ],
              [
                86.93279288320055,
                27.896840678637442
              ],
              [
                86.93299610205143,
                27.896840777568904
              ],
              [
                86.93299599085796,
                27.897021326104085
              ],
              [
                86.9331992100502,
                27.897021424748086
              ],
              [
                86.93319915461517,
                27.897111699011187
              ],
              [
                86.93330076429663,
                27.897111748220897
              ],
              [
                86.93330087498704,
                27.896931199685717
              ],
              [
                86.9335040940086,
                27.89693129788056
              ],
              [
                86.93350403883407,
                27.89702157214366
              ],
              [
                86.93360564842571,
                27.897021621128793
              ],
              [
                86.93360559334101,
                27.89711189539189
              ],
              [
                86.93370720302248,
                27.897111944296174
              ],
              [
                86.93370725802632,
                27.897021670033077
              ],
              [
                86.93380886762694,
                27.897021718865496
              ],
              [
                86.93380892254095,
                27.896931444602394
              ],
              [
                86.93391053206071,
                27.896931493353964
              ],
              [
                86.93391047721856,
                27.89702176762605
              ],
              [
                86.93401208681918,
                27.897021816305752
              ],
              [
                86.93401197730556,
                27.897202364840936
              ],
              [
                86.93391036754325,
                27.89720231615225
              ],
              [
                86.9339103127011,
                27.897292590415347
              ],
              [
                86.93401192255325,
                27.897292639104037
              ],
              [
                86.93401186780093,
                27.897382913367135
              ],
              [
                86.93411347773392,
                27.897382961974976
              ],
              [
                86.93411342306246,
                27.897473236238074
              ],
              [
                86.93401181303963,
                27.897473187630236
              ],
              [
                86.93401170353499,
                27.89765373614745
              ],
              [
                86.93411331371952,
                27.897653784755292
              ],
              [
                86.93411325904805,
                27.897744059018393
              ],
              [
                86.93441808986212,
                27.897744204392755
              ],
              [
                86.93441819870199,
                27.897563655875537
              ],
              [
                86.93431658859832,
                27.897563607492277
              ],
              [
                86.9343166975999,
                27.897383058966078
              ],
              [
                86.93421508766691,
                27.89738301051095
              ],
              [
                86.93421514225753,
                27.897292736247852
              ],
              [
                86.93411353240539,
                27.897292687711875
              ],
              [
                86.93411358707685,
                27.897202413448777
              ],
              [
                86.93431680661045,
                27.89720251043988
              ],
              [
                86.93431707911441,
                27.89675113909743
              ],
              [
                86.9344186884545,
                27.896751187480692
              ],
              [
                86.9344187972854,
                27.896570638936524
              ],
              [
                86.934317188107,
                27.896570590553264
              ],
              [
                86.93431773309692,
                27.89566784776057
              ],
              [
                86.93452094976489,
                27.895667944446245
              ],
              [
                86.93452084110467,
                27.895848493017358
              ],
              [
                86.93462244960934,
                27.895848541247908
              ],
              [
                86.9346223411198,
                27.89602908981004
              ],
              [
                86.93472394978618,
                27.89602913796872
              ],
              [
                86.93472384146732,
                27.896209686530852
              ],
              [
                86.93462223263026,
                27.89620963837217
              ],
              [
                86.934622178381,
                27.896299912653237
              ],
              [
                86.93482539622578,
                27.896300008889753
              ],
              [
                86.93482555846153,
                27.89602918605554
              ],
              [
                86.93492716712788,
                27.89602923406151
              ],
              [
                86.93492727511436,
                27.895848685490392
              ],
              [
                86.93472405811401,
                27.89584858940659
              ],
              [
                86.93472416643287,
                27.895668040835474
              ],
              [
                86.93513059976883,
                27.895668232715618
              ],
              [
                86.93513065359588,
                27.89557795842557
              ],
              [
                86.93533387009317,
                27.895578053916484
              ],
              [
                86.93533392374954,
                27.895487779626436
              ],
              [
                86.93523231557725,
                27.89548773191691
              ],
              [
                86.93523236931448,
                27.89539745762686
              ],
              [
                86.93502915314956,
                27.895397361992217
              ],
              [
                86.93502920705745,
                27.895307087702168
              ],
              [
                86.93513081505907,
                27.89530713555542
              ],
              [
                86.93513086887714,
                27.89521686126537
              ],
              [
                86.93523247679789,
                27.895216909046763
              ],
              [
                86.93523263800057,
                27.894946086158647
              ],
              [
                86.93533424566083,
                27.894946133868174
              ],
              [
                86.93533419201344,
                27.895036408158223
              ],
              [
                86.93543579975454,
                27.895036455795882
              ],
              [
                86.93543574618799,
                27.89512673008593
              ],
              [
                86.93574056968079,
                27.895126872531787
              ],
              [
                86.93574046305078,
                27.89530742112087
              ],
              [
                86.93604528704662,
                27.895307562884003
              ],
              [
                86.93604534011011,
                27.895217288593955
              ],
              [
                86.93614694803087,
                27.895217335701606
              ],
              [
                86.93614689504824,
                27.895307609991654
              ],
              [
                86.93635011105147,
                27.895307703982382
              ],
              [
                86.93635016386342,
                27.895217429692334
              ],
              [
                86.93655337969597,
                27.895217523377635
              ],
              [
                86.93655332705468,
                27.895307797667684
              ],
              [
                86.93685815105952,
                27.89530793764317
              ],
              [
                86.93685809866977,
                27.895398211933223
              ],
              [
                86.93706131484367,
                27.895398304881905
              ],
              [
                86.93706126262461,
                27.895488579171953
              ],
              [
                86.93716287079691,
                27.895488625525022
              ],
              [
                86.93716276652945,
                27.895669174114104
              ],
              [
                86.93726437486343,
                27.895669220395305
              ],
              [
                86.93726432281505,
                27.895759494685358
              ],
              [
                86.93756914808651,
                27.895759633088794
              ],
              [
                86.93756909628965,
                27.895849907378842
              ],
              [
                86.93787392182162,
                27.895850045099557
              ],
              [
                86.93787387027629,
                27.895940319389606
              ],
              [
                86.9380770874653,
                27.8959404108381
              ],
              [
                86.93807703608167,
                27.896030685119168
              ],
              [
                86.93838186212568,
                27.896030821725972
              ],
              [
                86.93838181099356,
                27.896121096016024
              ],
              [
                86.93858502852393,
                27.896121186709934
              ],
              [
                86.93858497757148,
                27.896211460999982
              ],
              [
                86.93848336871648,
                27.89621141568896
              ],
              [
                86.93848326663192,
                27.896391964260076
              ],
              [
                86.93838165761521,
                27.896391918868204
              ],
              [
                86.9383816064921,
                27.89648219314927
              ],
              [
                86.93868643379375,
                27.89648232908234
              ],
              [
                86.93868648467432,
                27.89639205480127
              ],
              [
                86.93878809369103,
                27.896392099968566
              ],
              [
                86.9387879413188,
                27.896662922811764
              ],
              [
                86.93888955059602,
                27.89666296789821
              ],
              [
                86.93888949988612,
                27.896753242179273
              ],
              [
                86.93878789052805,
                27.89675319709283
              ],
              [
                86.9387878397373,
                27.896843471364914
              ],
              [
                86.93888944917622,
                27.896843516451355
              ],
              [
                86.93888934776541,
                27.897024065004505
              ],
              [
                86.9390925669846,
                27.897024154961798
              ],
              [
                86.93909251644538,
                27.89711442923388
              ],
              [
                86.93899090675494,
                27.897114384291168
              ],
              [
                86.93899075488575,
                27.8973852071164
              ],
              [
                86.93909236482773,
                27.897385252050128
              ],
              [
                86.93909231428852,
                27.897475526322214
              ],
              [
                86.93919392432032,
                27.897475571184078
              ],
              [
                86.93919377295418,
                27.897746393991344
              ],
              [
                86.93909216267086,
                27.897746349129477
              ],
              [
                86.93909226374929,
                27.897565800594297
              ],
              [
                86.93899065363664,
                27.89756575565158
              ],
              [
                86.93899070425671,
                27.897475481379498
              ],
              [
                86.9388890942249,
                27.897475436373902
              ],
              [
                86.9388891449348,
                27.89738516210182
              ],
              [
                86.93878753499283,
                27.897385117015375
              ],
              [
                86.93878768736506,
                27.897114294190146
              ],
              [
                86.93868607767462,
                27.897114249031834
              ],
              [
                86.93868623029839,
                27.896843426206605
              ],
              [
                86.93858462085947,
                27.896843380967447
              ],
              [
                86.93858467182089,
                27.89675310668638
              ],
              [
                86.93848306246282,
                27.896753061375357
              ],
              [
                86.9384831135051,
                27.896662787103274
              ],
              [
                86.93827989496863,
                27.896662696247667
              ],
              [
                86.93827994618158,
                27.896572421975584
              ],
              [
                86.9381783369942,
                27.896572376431
              ],
              [
                86.9381784395818,
                27.896391827868865
              ],
              [
                86.9380768305651,
                27.8963917822614
              ],
              [
                86.93807688194873,
                27.896301507980333
              ],
              [
                86.93787366408598,
                27.896301416531838
              ],
              [
                86.93787371563131,
                27.89621114225077
              ],
              [
                86.93767049793028,
                27.89621105050583
              ],
              [
                86.93767044621427,
                27.896301324786897
              ],
              [
                86.93736561942465,
                27.89630118660804
              ],
              [
                86.9373655154806,
                27.896481735170173
              ],
              [
                86.93706068818793,
                27.896481596317578
              ],
              [
                86.93706053151276,
                27.896752419151795
              ],
              [
                86.93726375021991,
                27.89675251179505
              ],
              [
                86.93726380227727,
                27.896662237513983
              ],
              [
                86.93736541154551,
                27.89666228372332
              ],
              [
                86.93736530760145,
                27.89684283227647
              ],
              [
                86.93746691704037,
                27.896842878413942
              ],
              [
                86.93746686515368,
                27.89693315269501
              ],
              [
                86.93767008419321,
                27.896933244736392
              ],
              [
                86.9376700324772,
                27.897023519008474
              ],
              [
                86.93777164208679,
                27.89702356492137
              ],
              [
                86.93777138391098,
                27.8974749362728
              ],
              [
                86.93787299393381,
                27.89747498211383
              ],
              [
                86.93787304548812,
                27.89738470784175
              ],
              [
                86.93807626537206,
                27.89738479929923
              ],
              [
                86.93807621398842,
                27.897475073562326
              ],
              [
                86.93797460396561,
                27.897475027874012
              ],
              [
                86.93797455250113,
                27.897565302146095
              ],
              [
                86.93787294238847,
                27.89756525637693
              ],
              [
                86.93787289083416,
                27.89765553064901
              ],
              [
                86.93766967043817,
                27.89765543889509
              ],
              [
                86.93766972216316,
                27.89756516463199
              ],
              [
                86.93746650193786,
                27.897565072581624
              ],
              [
                86.93746655382455,
                27.897474798318523
              ],
              [
                86.93726333376992,
                27.89747470596273
              ],
              [
                86.93726328171255,
                27.89756498023481
              ],
              [
                86.9371616715999,
                27.897564933944626
              ],
              [
                86.93716156732346,
                27.897745482470825
              ],
              [
                86.93705995704013,
                27.897745436108774
              ],
              [
                86.93705990481207,
                27.897835710371872
              ],
              [
                86.93665346336434,
                27.897835524169082
              ],
              [
                86.93665356848518,
                27.897654975651864
              ],
              [
                86.93675517868768,
                27.89765502231036
              ],
              [
                86.93675523115827,
                27.89756474804726
              ],
              [
                86.9366536210546,
                27.897564701379782
              ],
              [
                86.93665367361503,
                27.89747442711668
              ],
              [
                86.93675528363785,
                27.89747447378416
              ],
              [
                86.936755388597,
                27.897293925248977
              ],
              [
                86.9364505590316,
                27.897293785039928
              ],
              [
                86.93645024263597,
                27.897835430618528
              ],
              [
                86.93634863227179,
                27.89783538373545
              ],
              [
                86.9363485266389,
                27.89801593225267
              ],
              [
                86.93614530557815,
                27.898015838252956
              ],
              [
                86.93614535856977,
                27.89792556399884
              ],
              [
                86.93594213767972,
                27.897925469693703
              ],
              [
                86.93594219083303,
                27.897835195439587
              ],
              [
                86.93584058046885,
                27.89783514817922
              ],
              [
                86.93584074018032,
                27.89756432538992
              ],
              [
                86.93563751997299,
                27.897564230644605
              ],
              [
                86.93563746655916,
                27.897654504907706
              ],
              [
                86.93553585637464,
                27.89765445742276
              ],
              [
                86.93553580287997,
                27.897744731685858
              ],
              [
                86.93533258233127,
                27.89774463649139
              ],
              [
                86.93533252867489,
                27.897834910745505
              ],
              [
                86.93523091831071,
                27.897834863035982
              ],
              [
                86.9352308108183,
                27.898015411553196
              ],
              [
                86.93502758976655,
                27.898015315900587
              ],
              [
                86.93502753584967,
                27.898105590154703
              ],
              [
                86.93492592524294,
                27.8981055422206
              ],
              [
                86.9349258712452,
                27.898195816474715
              ],
              [
                86.93482426054865,
                27.898195768459765
              ],
              [
                86.93482409830392,
                27.89846659121313
              ],
              [
                86.93502732020009,
                27.898466687162184
              ],
              [
                86.935027374108,
                27.898376412917052
              ],
              [
                86.93523059584247,
                27.89837650856068
              ],
              [
                86.93523064958868,
                27.898286234315545
              ],
              [
                86.93533226036608,
                27.898286282025072
              ],
              [
                86.93533231403144,
                27.898196007770956
              ],
              [
                86.935433924728,
                27.898196055408615
              ],
              [
                86.93543397830352,
                27.8981057811545
              ],
              [
                86.93553558891024,
                27.89810582871131
              ],
              [
                86.93553553542455,
                27.898196102965425
              ],
              [
                86.93584036751423,
                27.89819624520467
              ],
              [
                86.93584026103692,
                27.898376793712902
              ],
              [
                86.93563703930243,
                27.898376698958604
              ],
              [
                86.9356369858976,
                27.89846697321272
              ],
              [
                86.93604342969893,
                27.898467162415887
              ],
              [
                86.93604332355399,
                27.898647710915135
              ],
              [
                86.93584010131646,
                27.898647616466267
              ],
              [
                86.93584015455062,
                27.89855734221215
              ],
              [
                86.9357385435217,
                27.898557294879918
              ],
              [
                86.93573849019769,
                27.898647569125053
              ],
              [
                86.93563687907893,
                27.898647521711972
              ],
              [
                86.9356368256651,
                27.89873779596609
              ],
              [
                86.93614488168114,
                27.898738032276906
              ],
              [
                86.9361448286985,
                27.89882830652204
              ],
              [
                86.93624643998795,
                27.898828353566813
              ],
              [
                86.9362463341754,
                27.89900890205708
              ],
              [
                86.93614472272425,
                27.89900885502129
              ],
              [
                86.93614466973263,
                27.89909912925744
              ],
              [
                86.93563661202776,
                27.899098892937637
              ],
              [
                86.9356366654326,
                27.899008618701487
              ],
              [
                86.93553505398145,
                27.89900857120756
              ],
              [
                86.93553510747614,
                27.898918296962425
              ],
              [
                86.93533188473555,
                27.898918201767955
              ],
              [
                86.93533183107019,
                27.899008476004106
              ],
              [
                86.93523021961006,
                27.899008428294582
              ],
              [
                86.93523011211767,
                27.899188976775864
              ],
              [
                86.935026888874,
                27.89918888112325
              ],
              [
                86.9350269427909,
                27.8990986068871
              ],
              [
                86.93492533124993,
                27.899098558944015
              ],
              [
                86.93492538524765,
                27.899008284707865
              ],
              [
                86.93482377379651,
                27.899008236692914
              ],
              [
                86.93482371970894,
                27.899098510938046
              ],
              [
                86.93472210816797,
                27.899098462842247
              ],
              [
                86.93472216234537,
                27.899008188606096
              ],
              [
                86.93462055088524,
                27.89900814043843
              ],
              [
                86.93462060514348,
                27.898917866202282
              ],
              [
                86.9345189937732,
                27.89891781796275
              ],
              [
                86.93451904811228,
                27.898827543717616
              ],
              [
                86.93462065939275,
                27.898827591957147
              ],
              [
                86.93462076790024,
                27.89864704346688
              ],
              [
                86.93421432343416,
                27.898646850068584
              ],
              [
                86.93421437802479,
                27.89855657582345
              ],
              [
                86.93411276699585,
                27.898556527287475
              ],
              [
                86.93411282166731,
                27.89846625303336
              ],
              [
                86.9342144326154,
                27.898466301569332
              ],
              [
                86.93421454179665,
                27.898285753070084
              ],
              [
                86.93401132024184,
                27.89828565592627
              ],
              [
                86.93401142975544,
                27.898105107427018
              ],
              [
                86.93380820853301,
                27.898105009977776
              ],
              [
                86.93380831838799,
                27.897924461469543
              ],
              [
                86.93370670794296,
                27.897924412637124
              ],
              [
                86.93370676295578,
                27.897834138383008
              ],
              [
                86.93350354224539,
                27.897834040484607
              ],
              [
                86.93350348707087,
                27.897924314738724
              ],
              [
                86.93340187662584,
                27.897924265681727
              ],
              [
                86.93340182136149,
                27.898014539935843
              ],
              [
                86.9331986003187,
                27.898014441588288
              ],
              [
                86.93319854489265,
                27.898104715842404
              ],
              [
                86.9329953236792,
                27.898104617198403
              ],
              [
                86.93299549047838,
                27.897833794445035
              ],
              [
                86.9330971008246,
                27.897833843798477
              ],
              [
                86.93309704530871,
                27.897924118052593
              ],
              [
                86.93330026618979,
                27.897924216552862
              ],
              [
                86.9333003768802,
                27.89774366803565
              ],
              [
                86.93340198715455,
                27.897743717173494
              ],
              [
                86.93340209767427,
                27.897563168656276
              ],
              [
                86.93319887747592,
                27.8975630703177
              ],
              [
                86.93319882204088,
                27.897653344571818
              ],
              [
                86.93299560167185,
                27.897653245927817
              ],
              [
                86.93299554607512,
                27.897743520190918
              ],
              [
                86.9327923255354,
                27.89774342124149
              ],
              [
                86.93279226976799,
                27.897833695495606
              ],
              [
                86.93289388012319,
                27.897833745010743
              ],
              [
                86.93289382443662,
                27.89792401926486
              ],
              [
                86.93269060356452,
                27.897923920171703
              ],
              [
                86.93269054770728,
                27.89801419442582
              ],
              [
                86.93248732666451,
                27.898014095027232
              ],
              [
                86.93248743871138,
                27.897833546527984
              ],
              [
                86.93238582835617,
                27.8978334967164
              ],
              [
                86.93238588446495,
                27.89774322246228
              ],
              [
                86.93228427419957,
                27.897743172578835
              ],
              [
                86.93228421800995,
                27.89783344683295
              ],
              [
                86.93218260765477,
                27.89783339687764
              ],
              [
                86.93218243883437,
                27.898104219631005
              ],
              [
                86.93238566003883,
                27.898104319469766
              ],
              [
                86.93238560393905,
                27.8981945937149
              ],
              [
                86.93248721462662,
                27.898194643526484
              ],
              [
                86.93248710257976,
                27.898375192025732
              ],
              [
                86.93228388086325,
                27.898375092330703
              ],
              [
                86.93228376848401,
                27.89855564082097
              ],
              [
                86.93218215745507,
                27.898555590856674
              ],
              [
                86.93218221373452,
                27.89846531661154
              ],
              [
                86.93208060278644,
                27.89846526658436
              ],
              [
                86.93208049006584,
                27.898645815065645
              ],
              [
                86.93197887895606,
                27.898645764957617
              ],
              [
                86.93197876607375,
                27.898826313438903
              ],
              [
                86.9318771547933,
                27.898826263250026
              ],
              [
                86.93187704173133,
                27.89900681173131
              ],
              [
                86.93197865318247,
                27.899006861911204
              ],
              [
                86.93197848384106,
                27.899277684619655
              ],
              [
                86.9317752604447,
                27.89927758417004
              ],
              [
                86.93177543028916,
                27.89900676147057
              ],
              [
                86.93157220739587,
                27.899006660724513
              ],
              [
                86.93157192347434,
                27.899458031887296
              ],
              [
                86.9316735353387,
                27.89945808230075
              ],
              [
                86.93167347864603,
                27.89954835652792
              ],
              [
                86.93157186669183,
                27.899548306123446
              ],
              [
                86.93157180990931,
                27.899638580350615
              ],
              [
                86.93136858583024,
                27.899638479299128
              ],
              [
                86.93136852887706,
                27.899728753526293
              ],
              [
                86.93126691676116,
                27.89972870288826
              ],
              [
                86.93126714490629,
                27.899367605979595
              ],
              [
                86.93116553313175,
                27.899367555269695
              ],
              [
                86.93116559024664,
                27.899277281033545
              ],
              [
                86.93106397855296,
                27.899277230251784
              ],
              [
                86.9310641501671,
                27.899006407552314
              ],
              [
                86.93096253872494,
                27.899006356689704
              ],
              [
                86.9309625960105,
                27.898916082453553
              ],
              [
                86.93116581873313,
                27.898916184097928
              ],
              [
                86.93116576160926,
                27.899006458334078
              ],
              [
                86.93126737306041,
                27.899006509043975
              ],
              [
                86.93126748712848,
                27.898825960571674
              ],
              [
                86.93136909840895,
                27.898826011200725
              ],
              [
                86.93136921230634,
                27.898645462728425
              ],
              [
                86.93116599009575,
                27.898645361380495
              ],
              [
                86.93116604721064,
                27.898555087144345
              ],
              [
                86.9310644361907,
                27.8985550363536
              ],
              [
                86.93106437898597,
                27.89864531059873
              ],
              [
                86.93065793455582,
                27.898645106717094
              ],
              [
                86.9306579921019,
                27.898554832471962
              ],
              [
                86.93055638107296,
                27.898554781312907
              ],
              [
                86.93055615057425,
                27.89891587826649
              ],
              [
                86.93065776193556,
                27.898915929425545
              ],
              [
                86.93065770438947,
                27.899006203661695
              ],
              [
                86.93086092728278,
                27.899006305755226
              ],
              [
                86.93086086990739,
                27.899096579991376
              ],
              [
                86.93075925837539,
                27.899096528976052
              ],
              [
                86.93075920091916,
                27.899186803212203
              ],
              [
                86.93055597769347,
                27.899186700965956
              ],
              [
                86.93055592006654,
                27.899276975202106
              ],
              [
                86.93045430837286,
                27.899276923962205
              ],
              [
                86.93045436608062,
                27.899186649735036
              ],
              [
                86.93035275446779,
                27.899186598423267
              ],
              [
                86.930352870063,
                27.89900604995995
              ],
              [
                86.93014964717868,
                27.89900594711183
              ],
              [
                86.93014970513798,
                27.898915672884666
              ],
              [
                86.9302513164993,
                27.898915724340167
              ],
              [
                86.9302514322562,
                27.898735175867866
              ],
              [
                86.92984498750266,
                27.898734969587725
              ],
              [
                86.92984492928285,
                27.898825243823875
              ],
              [
                86.92974331801136,
                27.89882519206295
              ],
              [
                86.92974349291335,
                27.8985543693545
              ],
              [
                86.92994671495326,
                27.898554472795503
              ],
              [
                86.92994683121321,
                27.89837392431422
              ],
              [
                86.92974360950569,
                27.898373820873214
              ],
              [
                86.92974355121402,
                27.898464095109365
              ],
              [
                86.9296419402749,
                27.898464043285557
              ],
              [
                86.9296418818934,
                27.898554317521707
              ],
              [
                86.92954027087345,
                27.89855426561705
              ],
              [
                86.9295402124021,
                27.8986445398532
              ],
              [
                86.92933699020051,
                27.898644435810326
              ],
              [
                86.92933687292545,
                27.898824984282626
              ],
              [
                86.92943848419692,
                27.898825036339996
              ],
              [
                86.92943836708356,
                27.899005584803312
              ],
              [
                86.92923514420822,
                27.899005480616704
              ],
              [
                86.9292352029311,
                27.898915206380554
              ],
              [
                86.92913359157876,
                27.89891515417047
              ],
              [
                86.92913376798992,
                27.898644331471004
              ],
              [
                86.92903215688912,
                27.898644279189053
              ],
              [
                86.92903192133289,
                27.899005376124673
              ],
              [
                86.92913353276607,
                27.89900542840662
              ],
              [
                86.92913341515863,
                27.89918597686994
              ],
              [
                86.9288285803291,
                27.899185819790528
              ],
              [
                86.92882869844857,
                27.899005271336193
              ],
              [
                86.92872708701539,
                27.899005218829664
              ],
              [
                86.92872732358673,
                27.898644121894048
              ],
              [
                86.92893054578832,
                27.89864422683524
              ],
              [
                86.92893060476273,
                27.89855395259909
              ],
              [
                86.92903221578267,
                27.898554004952903
              ],
              [
                86.92903227466724,
                27.898463730716752
              ],
              [
                86.92913388560635,
                27.898463782998704
              ],
              [
                86.92913394441007,
                27.89837350875357
              ],
              [
                86.92882911186224,
                27.898373351683144
              ],
              [
                86.9288291709175,
                27.898283077446994
              ],
              [
                86.92872756015805,
                27.898283024940465
              ],
              [
                86.92872761929415,
                27.898192750704315
              ],
              [
                86.92862600861555,
                27.898192698116937
              ],
              [
                86.92862606784148,
                27.898102423880786
              ],
              [
                86.92832123605724,
                27.898102265687466
              ],
              [
                86.92832117657979,
                27.898192539923617
              ],
              [
                86.92821956590119,
                27.898192487048778
              ],
              [
                86.92821950634288,
                27.89828276128493
              ],
              [
                86.92811789557446,
                27.89828270832924
              ],
              [
                86.92811783592633,
                27.898372982574376
              ],
              [
                86.92801622508604,
                27.898372929537842
              ],
              [
                86.92801628481503,
                27.898282655301692
              ],
              [
                86.92771145252772,
                27.898282495760895
              ],
              [
                86.92771151251722,
                27.898192221524745
              ],
              [
                86.928016344544,
                27.89819238106554
              ],
              [
                86.92801652373994,
                27.897921558339124
              ],
              [
                86.92811813416701,
                27.897921611366673
              ],
              [
                86.92811807451886,
                27.89801188561181
              ],
              [
                86.92832129554367,
                27.89801199144233
              ],
              [
                86.92832135502113,
                27.8979217171972
              ],
              [
                86.92821974459406,
                27.89792166432236
              ],
              [
                86.92821980415236,
                27.897831390077226
              ],
              [
                86.92801658346892,
                27.89783128409399
              ],
              [
                86.92801664320689,
                27.897741009848858
              ],
              [
                86.92781342269411,
                27.89774090356019
              ],
              [
                86.92781330289479,
                27.897921452050458
              ],
              [
                86.92761008204965,
                27.89792134546535
              ],
              [
                86.92761020218136,
                27.897740796984067
              ],
              [
                86.92750859192498,
                27.897740743579224
              ],
              [
                86.92750865207616,
                27.89765046933409
              ],
              [
                86.9274070419096,
                27.89765041585738
              ],
              [
                86.92740710214164,
                27.897560141603265
              ],
              [
                86.92791515257915,
                27.89756040825019
              ],
              [
                86.9279152722078,
                27.89737985975094
              ],
              [
                86.9278136622838,
                27.897379806570676
              ],
              [
                86.92781384198278,
                27.897108983817308
              ],
              [
                86.92811867097326,
                27.897109143124542
              ],
              [
                86.92811855168598,
                27.897289691632775
              ],
              [
                86.92832177135433,
                27.897289797463298
              ],
              [
                86.92832171187688,
                27.897380071717414
              ],
              [
                86.9285249317249,
                27.89738017724251
              ],
              [
                86.92852481310236,
                27.897560725750743
              ],
              [
                86.92862642319704,
                27.897560778401004
              ],
              [
                86.92862636397112,
                27.89765105265512
              ],
              [
                86.9288295843132,
                27.897651157731058
              ],
              [
                86.92882964336845,
                27.897560883485927
              ],
              [
                86.92903286354884,
                27.897560988274403
              ],
              [
                86.92903309909609,
                27.897199891257937
              ],
              [
                86.92882987958944,
                27.897199786478442
              ],
              [
                86.92882982053419,
                27.89729006073256
              ],
              [
                86.92862660086584,
                27.897289955647636
              ],
              [
                86.92862671930871,
                27.897109407139403
              ],
              [
                86.92882993864468,
                27.897109512224326
              ],
              [
                86.92883005675517,
                27.896928963707108
              ],
              [
                86.92872844725338,
                27.89692891120058
              ],
              [
                86.92872850638948,
                27.896838636946462
              ],
              [
                86.9286268969775,
                27.89683858436807
              ],
              [
                86.92862701542037,
                27.896658035850855
              ],
              [
                86.92852540617011,
                27.896657983191613
              ],
              [
                86.92852558409044,
                27.896387160402313
              ],
              [
                86.92842397510067,
                27.896387107680187
              ],
              [
                86.9284240344883,
                27.89629683341709
              ],
              [
                86.92832242557938,
                27.896296780614115
              ],
              [
                86.92832236610194,
                27.896387054877216
              ],
              [
                86.92811914812242,
                27.896386949046693
              ],
              [
                86.92811920776157,
                27.896296674783592
              ],
              [
                86.92791598994374,
                27.896296568656627
              ],
              [
                86.9279159301339,
                27.896386842919725
              ],
              [
                86.92750949417487,
                27.896386629767473
              ],
              [
                86.92750937388148,
                27.896567178293672
              ],
              [
                86.92740776472104,
                27.896567124816965
              ],
              [
                86.92740764425696,
                27.896747673334183
              ],
              [
                86.92761086291021,
                27.896747780215733
              ],
              [
                86.92761074277851,
                27.896928328723966
              ],
              [
                86.9275091332857,
                27.896928275328108
              ],
              [
                86.92750919343689,
                27.896838001065007
              ],
              [
                86.92740758402492,
                27.8968379475883
              ],
              [
                86.9274075237839,
                27.896928221851397
              ],
              [
                86.92730591429108,
                27.89692816829384
              ],
              [
                86.9273058539782,
                27.897018442547957
              ],
              [
                86.92720424439554,
                27.897018388927517
              ],
              [
                86.9272041235901,
                27.89719893742677
              ],
              [
                86.92710251383677,
                27.89719888372548
              ],
              [
                86.92710245335321,
                27.897289157979596
              ],
              [
                86.92740728284676,
                27.89728931885888
              ],
              [
                86.92740734308778,
                27.897199044604765
              ],
              [
                86.92761056258544,
                27.897199151486316
              ],
              [
                86.92761050251511,
                27.897289425740432
              ],
              [
                86.92750889268093,
                27.89728937233559
              ],
              [
                86.92750883252974,
                27.897379646589705
              ],
              [
                86.92730561269968,
                27.89737953955544
              ],
              [
                86.92730555237782,
                27.897469813809558
              ],
              [
                86.92720394238195,
                27.897469760180133
              ],
              [
                86.92720400278466,
                27.897379485926017
              ],
              [
                86.92710239286964,
                27.89737943222473
              ],
              [
                86.92710233237709,
                27.897469706478848
              ],
              [
                86.92700072238122,
                27.89746965269671
              ],
              [
                86.92700066180782,
                27.897559926941845
              ],
              [
                86.92689905172212,
                27.897559873087843
              ],
              [
                86.92689899105888,
                27.897650147332975
              ],
              [
                86.92669577072577,
                27.897650039409378
              ],
              [
                86.92669570990086,
                27.897740313654513
              ],
              [
                86.92659409964446,
                27.897740259575933
              ],
              [
                86.92659397782393,
                27.897920808057215
              ],
              [
                86.92669558824201,
                27.897920862135795
              ],
              [
                86.92669552741708,
                27.898011136371945
              ],
              [
                86.92639069590233,
                27.898010973911624
              ],
              [
                86.92639057374043,
                27.89819152239291
              ],
              [
                86.92649218441903,
                27.898191576615222
              ],
              [
                86.92649224541464,
                27.89810130237907
              ],
              [
                86.9265938560034,
                27.898101356538497
              ],
              [
                86.92659361235334,
                27.8984624534831
              ],
              [
                86.92639039050208,
                27.898462345092376
              ],
              [
                86.92639008508387,
                27.89891371624618
              ],
              [
                86.92628847374053,
                27.89891366194302
              ],
              [
                86.92628841257424,
                27.89900393617019
              ],
              [
                86.92639002400742,
                27.899003990473346
              ],
              [
                86.92638996292197,
                27.899094264700512
              ],
              [
                86.92628835139897,
                27.899094210397354
              ],
              [
                86.92628829023268,
                27.89918448461554
              ],
              [
                86.92598345543908,
                27.899184321247922
              ],
              [
                86.92598339401228,
                27.899274595475088
              ],
              [
                86.92608500569698,
                27.899274650002827
              ],
              [
                86.92608476034911,
                27.899635746884545
              ],
              [
                86.92618637236619,
                27.899635801340416
              ],
              [
                86.92618631111007,
                27.8997260755586
              ],
              [
                86.92598308690523,
                27.89972596656601
              ],
              [
                86.92598314832304,
                27.899635692347825
              ],
              [
                86.92567831226282,
                27.89963552830647
              ],
              [
                86.9256782505845,
                27.899725802524653
              ],
              [
                86.9257798626914,
                27.89972585727697
              ],
              [
                86.9257798011029,
                27.899816131495154
              ],
              [
                86.92598302547843,
                27.89981624078419
              ],
              [
                86.92598296406062,
                27.899906514993393
              ],
              [
                86.92618618860682,
                27.899906623985988
              ],
              [
                86.9261861273507,
                27.89999689820417
              ],
              [
                86.92598290263382,
                27.899996789211578
              ],
              [
                86.92598277978021,
                27.90017733762998
              ],
              [
                86.92577955473097,
                27.90017722834094
              ],
              [
                86.92577961631946,
                27.90008695413174
              ],
              [
                86.92527155411402,
                27.900086679597607
              ],
              [
                86.92527124404253,
                27.900538050625645
              ],
              [
                86.92496640545804,
                27.900537885003256
              ],
              [
                86.92496634318682,
                27.90062815920347
              ],
              [
                86.92466150435081,
                27.900627992907346
              ],
              [
                86.9246616293963,
                27.900447444506913
              ],
              [
                86.92445840384397,
                27.900447333259546
              ],
              [
                86.92445827845712,
                27.900627881668967
              ],
              [
                86.92415343963009,
                27.90062771424096
              ],
              [
                86.92415337668514,
                27.90071798844118
              ],
              [
                86.92405176366195,
                27.900717932485122
              ],
              [
                86.92405188971354,
                27.900537384084686
              ],
              [
                86.92374705113804,
                27.90053721576735
              ],
              [
                86.92374692457439,
                27.900717764167787
              ],
              [
                86.92303563339406,
                27.900717368792282
              ],
              [
                86.92303556952385,
                27.900807642983516
              ],
              [
                86.92262911708971,
                27.900807415404323
              ],
              [
                86.92262905288712,
                27.900897689604538
              ],
              [
                86.92242582649936,
                27.900897575365786
              ],
              [
                86.92242601963716,
                27.900626752783097
              ],
              [
                86.9223244066948,
                27.90062669555143
              ],
              [
                86.9223243422317,
                27.900716969742664
              ],
              [
                86.92212111618531,
                27.900716855054753
              ],
              [
                86.92212105156051,
                27.90080712925497
              ],
              [
                86.92201943844748,
                27.900807071798724
              ],
              [
                86.92201937373285,
                27.90089734598996
              ],
              [
                86.92151130779042,
                27.900897057585837
              ],
              [
                86.92151124265358,
                27.90098733176809
              ],
              [
                86.9212064028384,
                27.900987157827302
              ],
              [
                86.92120646822677,
                27.900896883636065
              ],
              [
                86.9211048550329,
                27.900896825506084
              ],
              [
                86.92110478956367,
                27.900987099697318
              ],
              [
                86.92079994974848,
                27.900986924858216
              ],
              [
                86.92080001547822,
                27.90089665066698
              ],
              [
                86.921003241848,
                27.900896767304236
              ],
              [
                86.92100343852515,
                27.900625944730532
              ],
              [
                86.92110505145851,
                27.90062600293238
              ],
              [
                86.9211049859893,
                27.900716277123614
              ],
              [
                86.92120659900351,
                27.9007163352536
              ],
              [
                86.92120653361513,
                27.90080660944483
              ],
              [
                86.92140975982322,
                27.900806725480216
              ],
              [
                86.92140989026758,
                27.90062617709775
              ],
              [
                86.92151150320095,
                27.900626235003152
              ],
              [
                86.92151156833779,
                27.900535960811915
              ],
              [
                86.92120672978025,
                27.900535786871128
              ],
              [
                86.92120679516862,
                27.90044551267091
              ],
              [
                86.92110518240594,
                27.90044545454093
              ],
              [
                86.92110511692773,
                27.900535728741147
              ],
              [
                86.92080027837918,
                27.900535553902042
              ],
              [
                86.92080021265842,
                27.900625828093276
              ],
              [
                86.9205969867917,
                27.900625711159577
              ],
              [
                86.92059705268312,
                27.90053543696834
              ],
              [
                86.92069866553564,
                27.900535495466634
              ],
              [
                86.92069879715679,
                27.90035494707518
              ],
              [
                86.92080040983863,
                27.90035500551059
              ],
              [
                86.92080047555937,
                27.900264731310372
              ],
              [
                86.92069886296737,
                27.900264672883946
              ],
              [
                86.92069906039012,
                27.899993850283295
              ],
              [
                86.92090228508006,
                27.89999396706428
              ],
              [
                86.92090235071996,
                27.89990369286406
              ],
              [
                86.92100396297958,
                27.899903751137774
              ],
              [
                86.92100402852965,
                27.899813476937556
              ],
              [
                86.92090241635985,
                27.899813418663847
              ],
              [
                86.92090267891047,
                27.899452321836026
              ],
              [
                86.92100429074787,
                27.899452380109736
              ],
              [
                86.92100435630692,
                27.899362105900536
              ],
              [
                86.92110596805452,
                27.899362164102385
              ],
              [
                86.92110609899295,
                27.899181615683982
              ],
              [
                86.92151254533651,
                27.899181847736788
              ],
              [
                86.9215126756012,
                27.8990012993094
              ],
              [
                86.92161428701642,
                27.899001357133958
              ],
              [
                86.92161435206343,
                27.898911082915774
              ],
              [
                86.92130951806932,
                27.89891090921753
              ],
              [
                86.92130958336787,
                27.898820634999346
              ],
              [
                86.92120797211436,
                27.89882057695021
              ],
              [
                86.92120803750272,
                27.898730302732027
              ],
              [
                86.92090320401168,
                27.898730128126484
              ],
              [
                86.9209032696426,
                27.898639853908303
              ],
              [
                86.92059843641205,
                27.898639678638006
              ],
              [
                86.9205985022945,
                27.89854940441084
              ],
              [
                86.9207001132875,
                27.898549462918115
              ],
              [
                86.92070017909808,
                27.898459188690946
              ],
              [
                86.9209034009134,
                27.89845930546295
              ],
              [
                86.92090333528249,
                27.89854957969012
              ],
              [
                86.92110655726849,
                27.898549696165677
              ],
              [
                86.92110662273771,
                27.89845942193851
              ],
              [
                86.92100501182556,
                27.898459363745648
              ],
              [
                86.9210051429257,
                27.898278815291313
              ],
              [
                86.92080192144275,
                27.898278698672023
              ],
              [
                86.92080198716349,
                27.898188424444854
              ],
              [
                86.92070037650286,
                27.898188366027412
              ],
              [
                86.92070050810605,
                27.898007817573077
              ],
              [
                86.920802118596,
                27.898007875999504
              ],
              [
                86.92080218431674,
                27.897917601763353
              ],
              [
                86.92090379471686,
                27.897917660117916
              ],
              [
                86.92090386034778,
                27.897827385881765
              ],
              [
                86.92070063970924,
                27.897827269118743
              ],
              [
                86.92070057390765,
                27.897917543345912
              ],
              [
                86.92049735309844,
                27.897917426277463
              ],
              [
                86.92049748504299,
                27.897736877814147
              ],
              [
                86.9205990952814,
                27.8977369363843
              ],
              [
                86.92059916116385,
                27.897646662157136
              ],
              [
                86.92070077131243,
                27.897646720655427
              ],
              [
                86.92070090291561,
                27.897466172183126
              ],
              [
                86.92080251289353,
                27.897466230609552
              ],
              [
                86.92080244718176,
                27.897556504845703
              ],
              [
                86.92100566731723,
                27.897556621464993
              ],
              [
                86.92100592949953,
                27.89719552452039
              ],
              [
                86.92059949058505,
                27.897195290985366
              ],
              [
                86.92059962234993,
                27.897014742504084
              ],
              [
                86.9208028414703,
                27.897014859419816
              ],
              [
                86.92080277575855,
                27.89710513366495
              ],
              [
                86.9210059950496,
                27.897105250275256
              ],
              [
                86.92100612614075,
                27.896924701793974
              ],
              [
                86.92059968823237,
                27.896924468267933
              ],
              [
                86.92059975411482,
                27.896834194022798
              ],
              [
                86.92049814472081,
                27.896834135452643
              ],
              [
                86.92049807875752,
                27.896924409697775
              ],
              [
                86.92039646928268,
                27.89692435104677
              ],
              [
                86.92039620507018,
                27.897285448000357
              ],
              [
                86.92029459526296,
                27.897285389277485
              ],
              [
                86.92029466139692,
                27.897195115041335
              ],
              [
                86.92009144194417,
                27.897194997379998
              ],
              [
                86.92009150824882,
                27.897104723143848
              ],
              [
                86.9202947275309,
                27.897104840805184
              ],
              [
                86.92029492594179,
                27.896834018087752
              ],
              [
                86.92009170716277,
                27.896833900426415
              ],
              [
                86.92009177346742,
                27.89674362618128
              ],
              [
                86.9201933827716,
                27.89674368504788
              ],
              [
                86.92019344898641,
                27.89665341081173
              ],
              [
                86.92029505820973,
                27.896653469597485
              ],
              [
                86.92029512434371,
                27.896563195361335
              ],
              [
                86.92049834261967,
                27.89656331271724
              ],
              [
                86.92049847455523,
                27.896382764226974
              ],
              [
                86.92090491043342,
                27.896382998058442
              ],
              [
                86.92090464791875,
                27.896744095038976
              ],
              [
                86.92080303861458,
                27.8967440366934
              ],
              [
                86.92080297290282,
                27.896834310938534
              ],
              [
                86.92120941046984,
                27.896834543871687
              ]
            ],
            [
              [
                86.92120941046984,
                27.896834543871687
              ],
              [
                86.92131101986384,
                27.89683460192082
              ],
              [
                86.92131095457428,
                27.89692487615697
              ],
              [
                86.92120934509045,
                27.89692481811682
              ],
              [
                86.92120941046984,
                27.896834543871687
              ]
            ],
            [
              [
                86.92852558409044,
                27.896387160402313
              ],
              [
                86.928525702695,
                27.896206611876114
              ],
              [
                86.92862731152306,
                27.89620666452637
              ],
              [
                86.92862719308019,
                27.896387213061555
              ],
              [
                86.92852558409044,
                27.896387160402313
              ]
            ],
            [
              [
                86.93045563566064,
                27.897200616351086
              ],
              [
                86.93045552025407,
                27.89738116485932
              ],
              [
                86.93015069048205,
                27.8973810107174
              ],
              [
                86.93015080639168,
                27.897200462209163
              ],
              [
                86.93045563566064,
                27.897200616351086
              ]
            ],
            [
              [
                86.93523247679789,
                27.895216909046763
              ],
              [
                86.93533408470968,
                27.895216956747305
              ],
              [
                86.9353340310533,
                27.895307231046335
              ],
              [
                86.93523242306068,
                27.89530718333681
              ],
              [
                86.93523247679789,
                27.895216909046763
              ]
            ],
            [
              [
                86.93685809866977,
                27.895398211933223
              ],
              [
                86.93685799389927,
                27.8955787605223
              ],
              [
                86.93675638563714,
                27.895578713935674
              ],
              [
                86.93675649058731,
                27.895398165355573
              ],
              [
                86.93685809866977,
                27.895398211933223
              ]
            ],
            [
              [
                86.93706053151276,
                27.896752419151795
              ],
              [
                86.93706047929369,
                27.896842693423878
              ],
              [
                86.93695886985476,
                27.89684264698996
              ],
              [
                86.93695881754587,
                27.896932921262042
              ],
              [
                86.93675559850634,
                27.896932828160647
              ],
              [
                86.93675565098592,
                27.896842553888565
              ],
              [
                86.93685726042483,
                27.896842600475193
              ],
              [
                86.93685731281458,
                27.89675232620311
              ],
              [
                86.93706053151276,
                27.896752419151795
              ]
            ],
            [
              [
                86.92110524787515,
                27.900355180349695
              ],
              [
                86.92110537882257,
                27.90017463194926
              ],
              [
                86.92141021636502,
                27.900174806114627
              ],
              [
                86.92141015114733,
                27.900265080314842
              ],
              [
                86.92120692594536,
                27.900264964279458
              ],
              [
                86.92120686055699,
                27.900355238479676
              ],
              [
                86.92110524787515,
                27.900355180349695
              ]
            ],
            [
              [
                86.92120712211046,
                27.899994141678807
              ],
              [
                86.9212072528872,
                27.899813593269386
              ],
              [
                86.92141047723578,
                27.89981370929579
              ],
              [
                86.92141041201809,
                27.89990398350499
              ],
              [
                86.92130879975846,
                27.89990392552772
              ],
              [
                86.92130873445095,
                27.89999419972794
              ],
              [
                86.92120712211046,
                27.899994141678807
              ]
            ],
            [
              [
                86.92131075869663,
                27.897195698883387
              ],
              [
                86.92131082398619,
                27.897105424647236
              ],
              [
                86.92161565293176,
                27.8971055983365
              ],
              [
                86.92161552284672,
                27.8972861468088
              ],
              [
                86.92141230321431,
                27.897286031096804
              ],
              [
                86.921412368423,
                27.897195756851673
              ],
              [
                86.92131075869663,
                27.897195698883387
              ]
            ],
            [
              [
                86.92141139025648,
                27.89854987031308
              ],
              [
                86.92141145546519,
                27.898459596094895
              ],
              [
                86.92151306637734,
                27.898459653991313
              ],
              [
                86.92151300124948,
                27.898549928209498
              ],
              [
                86.92141139025648,
                27.89854987031308
              ]
            ],
            [
              [
                86.92161396178138,
                27.899452728197925
              ],
              [
                86.92161402682838,
                27.899362453988726
              ],
              [
                86.92181725034152,
                27.89936256942224
              ],
              [
                86.92181718546519,
                27.89945284363144
              ],
              [
                86.92161396178138,
                27.899452728197925
              ]
            ],
            [
              [
                86.9216146772895,
                27.89845971181587
              ],
              [
                86.92161487242154,
                27.898188889143352
              ],
              [
                86.92171648308216,
                27.898188946887057
              ],
              [
                86.92171641812499,
                27.898279221114226
              ],
              [
                86.92181802886647,
                27.898279278795048
              ],
              [
                86.92181796399014,
                27.898369553013232
              ],
              [
                86.92171635316781,
                27.89836949534139
              ],
              [
                86.92171628820165,
                27.89845976956856
              ],
              [
                86.9216146772895,
                27.89845971181587
              ]
            ],
            [
              [
                86.92161500251557,
                27.898008340680033
              ],
              [
                86.92161513260059,
                27.897827792225698
              ],
              [
                86.92181835323913,
                27.897827907650232
              ],
              [
                86.92181828837178,
                27.897918181877397
              ],
              [
                86.922021509181,
                27.8979182969965
              ],
              [
                86.92202144447535,
                27.89800857123265
              ],
              [
                86.9219198339854,
                27.89800851370454
              ],
              [
                86.9219197691989,
                27.89809878794069
              ],
              [
                86.92181815861912,
                27.898098730340713
              ],
              [
                86.92181822349545,
                27.898008456104563
              ],
              [
                86.92161500251557,
                27.898008340680033
              ]
            ],
            [
              [
                86.92161571796979,
                27.897015324091363
              ],
              [
                86.92161584804585,
                27.896834775601096
              ],
              [
                86.92171745743984,
                27.896834833353786
              ],
              [
                86.92171732753447,
                27.89701538183507
              ],
              [
                86.92161571796979,
                27.897015324091363
              ]
            ],
            [
              [
                86.92202040914901,
                27.89945295875953
              ],
              [
                86.92202060327494,
                27.899182136122942
              ],
              [
                86.92212221486083,
                27.899182193570205
              ],
              [
                86.92212240873523,
                27.898911370924637
              ],
              [
                86.92232563141295,
                27.898911485603566
              ],
              [
                86.92232550249572,
                27.89909203403993
              ],
              [
                86.92222389099068,
                27.8990919767364
              ],
              [
                86.9222238264557,
                27.899182250954585
              ],
              [
                86.9223254380416,
                27.899182308258116
              ],
              [
                86.92232530912437,
                27.899362856685503
              ],
              [
                86.9222236973678,
                27.89936279938197
              ],
              [
                86.92222363282384,
                27.89945307359117
              ],
              [
                86.92202040914901,
                27.89945295875953
              ]
            ],
            [
              [
                86.92202209152286,
                27.897105828871148
              ],
              [
                86.92202222092517,
                27.89692528038088
              ],
              [
                86.92222543988386,
                27.896925395203542
              ],
              [
                86.92222537535787,
                27.897015669448674
              ],
              [
                86.92232698492255,
                27.897015726743223
              ],
              [
                86.92232692046844,
                27.89710600098836
              ],
              [
                86.92202209152286,
                27.897105828871148
              ]
            ],
            [
              [
                86.9220223503275,
                27.896744731890614
              ],
              [
                86.9220224797298,
                27.896564183400347
              ],
              [
                86.92222569802374,
                27.896564298214024
              ],
              [
                86.92222556895379,
                27.896744846713275
              ],
              [
                86.9220223503275,
                27.896744731890614
              ]
            ],
            [
              [
                86.9222231164812,
                27.900175267246812
              ],
              [
                86.92222318102516,
                27.900084993046594
              ],
              [
                86.92242640589475,
                27.90008510758179
              ],
              [
                86.9224263415125,
                27.90017538178201
              ],
              [
                86.9222231164812,
                27.900175267246812
              ]
            ],
            [
              [
                86.92232659821579,
                27.897557372187077
              ],
              [
                86.92232679156918,
                27.89728654946964
              ],
              [
                86.92263162102678,
                27.89728672091311
              ],
              [
                86.92263142842799,
                27.897557543630548
              ],
              [
                86.92232659821579,
                27.897557372187077
              ]
            ],
            [
              [
                86.92242795081738,
                27.897918526345375
              ],
              [
                86.92242801518168,
                27.89782825211821
              ],
              [
                86.92252962550992,
                27.897828309269027
              ],
              [
                86.92252956122648,
                27.897918583496196
              ],
              [
                86.92242795081738,
                27.897918526345375
              ]
            ],
            [
              [
                86.92252776115537,
                27.900446261542463
              ],
              [
                86.92252782544779,
                27.900355987342245
              ],
              [
                86.92293427619309,
                27.9003562152089
              ],
              [
                86.92293434015315,
                27.900265941008684
              ],
              [
                86.92283272754318,
                27.900265884154308
              ],
              [
                86.92283279158407,
                27.90017560995409
              ],
              [
                86.92273117906393,
                27.90017555301887
              ],
              [
                86.92273137143815,
                27.899904730409233
              ],
              [
                86.92293459596638,
                27.899904844189848
              ],
              [
                86.92293453201532,
                27.899995118399048
              ],
              [
                86.92303614436479,
                27.899995175181555
              ],
              [
                86.92303588888392,
                27.90035627199141
              ],
              [
                86.92313750156575,
                27.900356328702053
              ],
              [
                86.92313731020663,
                27.900627151302707
              ],
              [
                86.92273085844623,
                27.900626924019956
              ],
              [
                86.9227309866987,
                27.900446375628505
              ],
              [
                86.92252776115537,
                27.900446261542463
              ]
            ],
            [
              [
                86.92263123583817,
                27.897828366339
              ],
              [
                86.92263130003178,
                27.89773809210285
              ],
              [
                86.9227329102702,
                27.897738149100952
              ],
              [
                86.92273284615743,
                27.897828423337103
              ],
              [
                86.92263123583817,
                27.897828366339
              ]
            ],
            [
              [
                86.92273367963233,
                27.896654858195284
              ],
              [
                86.92273374374508,
                27.896564583950152
              ],
              [
                86.92283535288756,
                27.896564640867407
              ],
              [
                86.92283528885565,
                27.896654915121523
              ],
              [
                86.92273367963233,
                27.896654858195284
              ]
            ],
            [
              [
                86.9231382031949,
                27.89936331240983
              ],
              [
                86.92313833076466,
                27.89918276397346
              ],
              [
                86.92344316554029,
                27.89918293363827
              ],
              [
                86.92344303848257,
                27.899363482065652
              ],
              [
                86.9231382031949,
                27.89936331240983
              ]
            ],
            [
              [
                86.92313922368106,
                27.897918924820072
              ],
              [
                86.92313928746145,
                27.89782865058392
              ],
              [
                86.9232408977897,
                27.897828707213716
              ],
              [
                86.92324083409915,
                27.897918981449866
              ],
              [
                86.92313922368106,
                27.897918924820072
              ]
            ],
            [
              [
                86.92323892314897,
                27.9006272079325
              ],
              [
                86.9232389868485,
                27.900536933732283
              ],
              [
                86.92334059971,
                27.900536990290217
              ],
              [
                86.92334053609132,
                27.90062726449043
              ],
              [
                86.92323892314897,
                27.9006272079325
              ]
            ],
            [
              [
                86.92323962386185,
                27.89963419167621
              ],
              [
                86.92323968756138,
                27.89954391746701
              ],
              [
                86.92344291141588,
                27.89954403050202
              ],
              [
                86.92344284788702,
                27.89963430471122
              ],
              [
                86.92323962386185,
                27.89963419167621
              ]
            ],
            [
              [
                86.92354642660372,
                27.896835859975443
              ],
              [
                86.92354649003377,
                27.896745585721327
              ],
              [
                86.9236480993559,
                27.896745642045694
              ],
              [
                86.92364803599773,
                27.89683591629981
              ],
              [
                86.92354642660372,
                27.896835859975443
              ]
            ],
            [
              [
                86.92364613527937,
                27.899544143231605
              ],
              [
                86.92364619863754,
                27.899453869022405
              ],
              [
                86.92384942233035,
                27.899453981455547
              ],
              [
                86.92384935914285,
                27.899544255664747
              ],
              [
                86.92364613527937,
                27.899544143231605
              ]
            ],
            [
              [
                86.9237486963396,
                27.898190086148468
              ],
              [
                86.92374875960795,
                27.898099811921302
              ],
              [
                86.92395198077648,
                27.898099924192746
              ],
              [
                86.92395185456319,
                27.89828047265606
              ],
              [
                86.92385024381272,
                27.898280416556272
              ],
              [
                86.92385030700022,
                27.898190142329106
              ],
              [
                86.9237486963396,
                27.898190086148468
              ]
            ],
            [
              [
                86.92375034134352,
                27.89584295573008
              ],
              [
                86.92375040460288,
                27.895752681466984
              ],
              [
                86.92385201299078,
                27.895752737638638
              ],
              [
                86.92385194981226,
                27.895843011901736
              ],
              [
                86.92375034134352,
                27.89584295573008
              ]
            ],
            [
              [
                86.92385005425024,
                27.898551239246757
              ],
              [
                86.92385018062522,
                27.89837069078344
              ],
              [
                86.92395179145653,
                27.898370746892212
              ],
              [
                86.92395166525222,
                27.898551295346547
              ],
              [
                86.92385005425024,
                27.898551239246757
              ]
            ],
            [
              [
                86.92395122350568,
                27.899183214909765
              ],
              [
                86.92395128661232,
                27.8990929406826
              ],
              [
                86.92405289811737,
                27.899092996710525
              ],
              [
                86.92405283510055,
                27.89918327093769
              ],
              [
                86.92395122350568,
                27.899183214909765
              ]
            ],
            [
              [
                86.92405270904895,
                27.89936381937406
              ],
              [
                86.92405277207475,
                27.899273545155875
              ],
              [
                86.92415438375048,
                27.89927360110295
              ],
              [
                86.9241543208145,
                27.899363875321136
              ],
              [
                86.92405270904895,
                27.89936381937406
              ]
            ],
            [
              [
                86.92425580686083,
                27.899544479632713
              ],
              [
                86.92425593258005,
                27.89936393120533
              ],
              [
                86.92435754433663,
                27.899363987008673
              ],
              [
                86.92435773265046,
                27.899093164354124
              ],
              [
                86.92445934416449,
                27.89909322007662
              ],
              [
                86.92445940684892,
                27.899002945858435
              ],
              [
                86.92435779542473,
                27.899002890126955
              ],
              [
                86.9243579209553,
                27.898822341681605
              ],
              [
                86.92445953221781,
                27.898822397413085
              ],
              [
                86.92445965758668,
                27.89864184895875
              ],
              [
                86.92435804649487,
                27.89864179323625
              ],
              [
                86.92435810926914,
                27.898551519009086
              ],
              [
                86.92425649825817,
                27.89855146320574
              ],
              [
                86.9242565611133,
                27.898461188978573
              ],
              [
                86.92466300479784,
                27.898461411733813
              ],
              [
                86.9246630673116,
                27.898371137506647
              ],
              [
                86.92476467815189,
                27.898371193004564
              ],
              [
                86.92476461571897,
                27.898461467240715
              ],
              [
                86.92496783756125,
                27.898461578020957
              ],
              [
                86.92496789982349,
                27.898371303784806
              ],
              [
                86.92506951066377,
                27.898371359067127
              ],
              [
                86.92506944848239,
                27.898461633294296
              ],
              [
                86.92517105940352,
                27.89846168849577
              ],
              [
                86.92517087311988,
                27.898732511186253
              ],
              [
                86.92506926194721,
                27.89873245598478
              ],
              [
                86.92506919976583,
                27.898822730211947
              ],
              [
                86.92496758851232,
                27.898822674929626
              ],
              [
                86.92496752625009,
                27.89891294915679
              ],
              [
                86.92466269222005,
                27.89891278286965
              ],
              [
                86.92466262969731,
                27.899003057087835
              ],
              [
                86.92456101827312,
                27.89900300150907
              ],
              [
                86.92456089307491,
                27.89918354995442
              ],
              [
                86.92466250466978,
                27.899183605533185
              ],
              [
                86.92466225459678,
                27.899544702405922
              ],
              [
                86.92456064266055,
                27.899544646827152
              ],
              [
                86.92456058005696,
                27.899634921036355
              ],
              [
                86.9243573560228,
                27.89963480965424
              ],
              [
                86.92435741879706,
                27.89954453544504
              ],
              [
                86.92425580686083,
                27.899544479632713
              ]
            ],
            [
              [
                86.92425781809892,
                27.896655704156753
              ],
              [
                86.92425794380017,
                27.89647515564852
              ],
              [
                86.9243595528618,
                27.896475211451865
              ],
              [
                86.9243596156271,
                27.896384937197748
              ],
              [
                86.92446122460787,
                27.896384992920247
              ],
              [
                86.92446103657251,
                27.896655815682596
              ],
              [
                86.92425781809892,
                27.896655704156753
              ]
            ],
            [
              [
                86.92435867416573,
                27.8977390509017
              ],
              [
                86.92435873693101,
                27.897648776665548
              ],
              [
                86.92446034709756,
                27.897648832397028
              ],
              [
                86.924460409782,
                27.897558558151896
              ],
              [
                86.92466362993545,
                27.897558669381294
              ],
              [
                86.92466356742169,
                27.897648943617444
              ],
              [
                86.92476517757926,
                27.897648999124346
              ],
              [
                86.92476499029848,
                27.897919821832797
              ],
              [
                86.92456176946233,
                27.897919710756113
              ],
              [
                86.92456170686772,
                27.898009984992264
              ],
              [
                86.92446009636879,
                27.89800992934163
              ],
              [
                86.92446028441313,
                27.89773910663318
              ],
              [
                86.92435867416573,
                27.8977390509017
              ]
            ],
            [
              [
                86.92435992942659,
                27.895933565900215
              ],
              [
                86.92436005494818,
                27.895753017374016
              ],
              [
                86.92446166333607,
                27.895753073096515
              ],
              [
                86.9244616006606,
                27.895843347359612
              ],
              [
                86.92456320913833,
                27.895843403001262
              ],
              [
                86.92456314654372,
                27.895933677264363
              ],
              [
                86.92435992942659,
                27.895933565900215
              ]
            ],
            [
              [
                86.92456020443541,
                27.900176566300544
              ],
              [
                86.924560267039,
                27.900086292100326
              ],
              [
                86.92476349191757,
                27.900086403185995
              ],
              [
                86.92476342948466,
                27.900176677395194
              ],
              [
                86.92456020443541,
                27.900176566300544
              ]
            ],
            [
              [
                86.92456327172395,
                27.895753128738164
              ],
              [
                86.92456333431856,
                27.895662854475063
              ],
              [
                86.92466494262561,
                27.895662910044848
              ],
              [
                86.92466488012083,
                27.895753184307946
              ],
              [
                86.92456327172395,
                27.895753128738164
              ]
            ],
            [
              [
                86.92466212956028,
                27.899725250833306
              ],
              [
                86.92466219207404,
                27.899634976624103
              ],
              [
                86.92476380409111,
                27.899635032131005
              ],
              [
                86.92476386652403,
                27.89954475791282
              ],
              [
                86.92486547846026,
                27.899544813338874
              ],
              [
                86.9248654161082,
                27.89963508755706
              ],
              [
                86.92496702812528,
                27.899635142911247
              ],
              [
                86.92496696586305,
                27.89972541712943
              ],
              [
                86.92486535375613,
                27.899725361775243
              ],
              [
                86.92486529141306,
                27.899815635984442
              ],
              [
                86.9247636792253,
                27.899815580549408
              ],
              [
                86.92476374165821,
                27.89972530634021
              ],
              [
                86.92466212956028,
                27.899725250833306
              ]
            ],
            [
              [
                86.92466394248629,
                27.89710729815563
              ],
              [
                86.92466400500004,
                27.897017023910493
              ],
              [
                86.92476561457372,
                27.897017079408414
              ],
              [
                86.92476555214978,
                27.897107353653546
              ],
              [
                86.92466394248629,
                27.89710729815563
              ]
            ],
            [
              [
                86.92486485494861,
                27.900447555439868
              ],
              [
                86.9248650420048,
                27.900176732821247
              ],
              [
                86.92506826705406,
                27.900176843466742
              ],
              [
                86.9250681426823,
                27.90035739187616
              ],
              [
                86.9249665299915,
                27.900357336593835
              ],
              [
                86.92496646772028,
                27.900447610803038
              ],
              [
                86.92486485494861,
                27.900447555439868
              ]
            ],
            [
              [
                86.92486554081233,
                27.899454539129675
              ],
              [
                86.92486566550747,
                27.899273990693306
              ],
              [
                86.9250688888679,
                27.899274101320835
              ],
              [
                86.92506876451411,
                27.899454649757203
              ],
              [
                86.92486554081233,
                27.899454539129675
              ]
            ],
            [
              [
                86.92486790988532,
                27.896024118021217
              ],
              [
                86.92486797222841,
                27.895933843758115
              ],
              [
                86.92496958078698,
                27.895933899103323
              ],
              [
                86.92496951853373,
                27.89602417336642
              ],
              [
                86.92486790988532,
                27.896024118021217
              ]
            ],
            [
              [
                86.92496814887241,
                27.89801020684919
              ],
              [
                86.92496833565012,
                27.89773938414074
              ],
              [
                86.92506994589753,
                27.897739439414078
              ],
              [
                86.92507000806992,
                27.897649165177928
              ],
              [
                86.92527322840303,
                27.897649275500026
              ],
              [
                86.92527329040476,
                27.897559001254894
              ],
              [
                86.9256797307296,
                27.897559221018746
              ],
              [
                86.92567960739092,
                27.897739769500028
              ],
              [
                86.92537477663973,
                27.89773960479392
              ],
              [
                86.92537459087711,
                27.898010427511355
              ],
              [
                86.92496814887241,
                27.89801020684919
              ]
            ],
            [
              [
                86.92496895823652,
                27.89683664168042
              ],
              [
                86.92496902048977,
                27.896746367426303
              ],
              [
                86.9250706298119,
                27.896746422699643
              ],
              [
                86.92507056763951,
                27.89683669695376
              ],
              [
                86.92496895823652,
                27.89683664168042
              ]
            ],
            [
              [
                86.92517025216843,
                27.89963525340403
              ],
              [
                86.92517031425999,
                27.899544979185844
              ],
              [
                86.92537353813245,
                27.899545089373195
              ],
              [
                86.9253736000623,
                27.89945481515501
              ],
              [
                86.9254752119087,
                27.89945487013191
              ],
              [
                86.92547515006868,
                27.899545144350093
              ],
              [
                86.92557676200491,
                27.899545199255122
              ],
              [
                86.92557663848656,
                27.899725747691487
              ],
              [
                86.9252718021748,
                27.899725582742835
              ],
              [
                86.9252718641855,
                27.899635308533636
              ],
              [
                86.92517025216843,
                27.89963525340403
              ]
            ],
            [
              [
                86.9251723012166,
                27.896656203647
              ],
              [
                86.92517236330816,
                27.896565929392885
              ],
              [
                86.92547719076252,
                27.896566094539164
              ],
              [
                86.92547706709146,
                27.8967466430474
              ],
              [
                86.9255786764136,
                27.89674669795243
              ],
              [
                86.92557861466341,
                27.896836972206547
              ],
              [
                86.92547700526042,
                27.896836917301517
              ],
              [
                86.92547694342039,
                27.896927191555633
              ],
              [
                86.92537533393657,
                27.896927136578736
              ],
              [
                86.9253755196902,
                27.89665631382537
              ],
              [
                86.9251723012166,
                27.896656203647
              ]
            ],
            [
              [
                86.92517273583053,
                27.896024283841236
              ],
              [
                86.92517279791309,
                27.895934009578134
              ],
              [
                86.92527440647166,
                27.89593406469876
              ],
              [
                86.92527434446994,
                27.896024338961862
              ],
              [
                86.92517273583053,
                27.896024283841236
              ]
            ],
            [
              [
                86.92527205022661,
                27.899364485879083
              ],
              [
                86.92527211223731,
                27.8992742116609
              ],
              [
                86.92537372391303,
                27.899274266718642
              ],
              [
                86.92537366199215,
                27.899364540936826
              ],
              [
                86.92527205022661,
                27.899364485879083
              ]
            ],
            [
              [
                86.92537378584288,
                27.899183992491476
              ],
              [
                86.92537384777275,
                27.899093718273292
              ],
              [
                86.9255770708008,
                27.89909382815522
              ],
              [
                86.92557713255997,
                27.89900355392805
              ],
              [
                86.92588196685051,
                27.899003718193985
              ],
              [
                86.92588178232758,
                27.899274540866504
              ],
              [
                86.92578017064287,
                27.89927448618605
              ],
              [
                86.92578010905437,
                27.899364760404236
              ],
              [
                86.92547527375771,
                27.899364595913724
              ],
              [
                86.92547539743776,
                27.899184047477355
              ],
              [
                86.92537378584288,
                27.899183992491476
              ]
            ],
            [
              [
                86.92537403355333,
                27.898822895600773
              ],
              [
                86.92537421932492,
                27.89855207291029
              ],
              [
                86.92557744134686,
                27.898552182792216
              ],
              [
                86.92557725606933,
                27.8988230054827
              ],
              [
                86.92537403355333,
                27.898822895600773
              ]
            ],
            [
              [
                86.92567892901016,
                27.898732786079716
              ],
              [
                86.9256789906795,
                27.898642511852547
              ],
              [
                86.92578060177132,
                27.898642566604863
              ],
              [
                86.92578066335982,
                27.898552292377698
              ],
              [
                86.92598388538175,
                27.898552401657753
              ],
              [
                86.92598376253714,
                27.89873295012107
              ],
              [
                86.92608537371879,
                27.898733004648808
              ],
              [
                86.92608525104485,
                27.898913553103142
              ],
              [
                86.92588202834918,
                27.8989134439758
              ],
              [
                86.92588208985683,
                27.89882316974863
              ],
              [
                86.92578047859433,
                27.898823115068183
              ],
              [
                86.92578054018283,
                27.898732840841014
              ],
              [
                86.92567892901016,
                27.898732786079716
              ]
            ],
            [
              [
                86.92608574172263,
                27.898191359258853
              ],
              [
                86.92608580305959,
                27.89810108501372
              ],
              [
                86.92618741364835,
                27.898101139469592
              ],
              [
                86.92618735239223,
                27.898191413705742
              ],
              [
                86.92608574172263,
                27.898191359258853
              ]
            ],
            [
              [
                86.92608598706151,
                27.89783026229629
              ],
              [
                86.9260860483895,
                27.897739988060138
              ],
              [
                86.9261876586369,
                27.89774004251601
              ],
              [
                86.92618759738976,
                27.89783031675216
              ],
              [
                86.92608598706151,
                27.89783026229629
              ]
            ],
            [
              [
                86.92608623238243,
                27.897469165324736
              ],
              [
                86.92608629371941,
                27.897378891079605
              ],
              [
                86.92618790363443,
                27.897378945535475
              ],
              [
                86.9261878423873,
                27.897469219780607
              ],
              [
                86.92608623238243,
                27.897469165324736
              ]
            ],
            [
              [
                86.92628957470676,
                27.897288725665366
              ],
              [
                86.92628963587305,
                27.89719845141125
              ],
              [
                86.92649285536173,
                27.89719855993672
              ],
              [
                86.92649279436613,
                27.897288834190835
              ],
              [
                86.92628957470676,
                27.897288725665366
              ]
            ],
            [
              [
                86.92628981935394,
                27.896927628657885
              ],
              [
                86.92628988051125,
                27.896837354403765
              ],
              [
                86.9263914899232,
                27.896837408706926
              ],
              [
                86.92639142884676,
                27.896927682961042
              ],
              [
                86.92628981935394,
                27.896927628657885
              ]
            ],
            [
              [
                86.92679756311558,
                27.89737927067171
              ],
              [
                86.92679768460374,
                27.897198722172458
              ],
              [
                86.92689929434809,
                27.897198776098325
              ],
              [
                86.9268991730306,
                27.897379324597576
              ],
              [
                86.92679756311558,
                27.89737927067171
              ]
            ],
            [
              [
                86.92720448600642,
                27.89665729190207
              ],
              [
                86.92720454640914,
                27.89656701763897
              ],
              [
                86.9273061555606,
                27.89656707126839
              ],
              [
                86.92730609524772,
                27.896657345522506
              ],
              [
                86.92720448600642,
                27.89665729190207
              ]
            ],
            [
              [
                86.92750967461947,
                27.896115806978177
              ],
              [
                86.92750973476167,
                27.89602553270609
              ],
              [
                86.92761134341906,
                27.896025586110937
              ],
              [
                86.92761128335769,
                27.896115860374035
              ],
              [
                86.92750967461947,
                27.896115806978177
              ]
            ],
            [
              [
                86.92811831310243,
                27.897650788631275
              ],
              [
                86.92811837275056,
                27.897560514377158
              ],
              [
                86.92832159293096,
                27.897560620216666
              ],
              [
                86.9283215334535,
                27.897650894461798
              ],
              [
                86.92811831310243,
                27.897650788631275
              ]
            ],
            [
              [
                86.92832296082258,
                27.895484312174354
              ],
              [
                86.9283230797685,
                27.895303763621204
              ],
              [
                86.92842468774317,
                27.895303816424178
              ],
              [
                86.92842456897691,
                27.895484364977325
              ],
              [
                86.92832296082258,
                27.895484312174354
              ]
            ],
            [
              [
                86.92852463518203,
                27.897831548486145
              ],
              [
                86.9285246944888,
                27.89774127424101
              ],
              [
                86.92872791500157,
                27.897741379478646
              ],
              [
                86.92872785586547,
                27.89783165372378
              ],
              [
                86.92852463518203,
                27.897831548486145
              ]
            ],
            [
              [
                86.92852588060634,
                27.895935789068847
              ],
              [
                86.92852611782446,
                27.895574691971532
              ],
              [
                86.92862772605065,
                27.895574744621793
              ],
              [
                86.9286276668337,
                27.895665018902857
              ],
              [
                86.92872927515872,
                27.89566507147227
              ],
              [
                86.92872909775042,
                27.8959358942975
              ],
              [
                86.92852588060634,
                27.895935789068847
              ]
            ],
            [
              [
                86.92882928903697,
                27.89810252896571
              ],
              [
                86.92882934809222,
                27.898012254720577
              ],
              [
                86.92903256911703,
                27.898012359509053
              ],
              [
                86.92903251022348,
                27.898102633754185
              ],
              [
                86.92913412082122,
                27.898102686036136
              ],
              [
                86.92913400321378,
                27.898283234517418
              ],
              [
                86.92903239244536,
                27.89828318223547
              ],
              [
                86.92903245133891,
                27.898192907990335
              ],
              [
                86.92893084066031,
                27.898192855636523
              ],
              [
                86.92893089963471,
                27.898102581391388
              ],
              [
                86.92882928903697,
                27.89810252896571
              ]
            ],
            [
              [
                86.92903386458647,
                27.896026325846623
              ],
              [
                86.92903392347104,
                27.89593605157454
              ],
              [
                86.9291355320386,
                27.895936103847507
              ],
              [
                86.92913547324386,
                27.89602637811959
              ],
              [
                86.92903386458647,
                27.896026325846623
              ]
            ],
            [
              [
                86.92913423842866,
                27.89792213754587
              ],
              [
                86.92913435603609,
                27.897741589046618
              ],
              [
                86.92923596629248,
                27.897741641256705
              ],
              [
                86.9292361424521,
                27.897470818503336
              ],
              [
                86.92933775245696,
                27.897470870632574
              ],
              [
                86.92933781109,
                27.897380596378458
              ],
              [
                86.92954103093801,
                27.89738070041235
              ],
              [
                86.92954114786272,
                27.897200151904116
              ],
              [
                86.92974436736938,
                27.897200255641565
              ],
              [
                86.9297443090777,
                27.89729052989568
              ],
              [
                86.92984591892086,
                27.897290581647624
              ],
              [
                86.92984580249022,
                27.897471130155857
              ],
              [
                86.92964258248051,
                27.89747102657112
              ],
              [
                86.929642524099,
                27.897561300825238
              ],
              [
                86.9295409140043,
                27.89756124892058
              ],
              [
                86.92954085554194,
                27.897651523174698
              ],
              [
                86.92964246571749,
                27.897651575079355
              ],
              [
                86.92964223219144,
                27.898012672068873
              ],
              [
                86.92954062167455,
                27.898012620164216
              ],
              [
                86.92954056321219,
                27.898102894409348
              ],
              [
                86.92943895261445,
                27.898102842423842
              ],
              [
                86.92943901116664,
                27.89801256817871
              ],
              [
                86.92933740064974,
                27.89801251612134
              ],
              [
                86.92933745928278,
                27.897922241876206
              ],
              [
                86.92913423842866,
                27.89792213754587
              ]
            ],
            [
              [
                86.9291346500457,
                27.897290217794
              ],
              [
                86.92913476765314,
                27.89710966928577
              ],
              [
                86.92933798698911,
                27.897109773616105
              ],
              [
                86.92933786972303,
                27.89729032212434
              ],
              [
                86.9291346500457,
                27.897290217794
              ]
            ],
            [
              [
                86.93015016883935,
                27.898193478968516
              ],
              [
                86.93015022679866,
                27.89810320472338
              ],
              [
                86.9302518373964,
                27.89810325617888
              ],
              [
                86.93025201102277,
                27.8978324334345
              ],
              [
                86.93015040067655,
                27.897832381978997
              ],
              [
                86.93015051660414,
                27.89765183347975
              ],
              [
                86.93035373695521,
                27.89765193631888
              ],
              [
                86.9303536791666,
                27.897742210564015
              ],
              [
                86.93045528942298,
                27.897742261875784
              ],
              [
                86.93045505860087,
                27.8981033588653
              ],
              [
                86.93065827979635,
                27.89810346125528
              ],
              [
                86.93065816472216,
                27.898284009745545
              ],
              [
                86.93025172164847,
                27.89828380466915
              ],
              [
                86.93025177951795,
                27.898193530424013
              ],
              [
                86.93015016883935,
                27.898193478968516
              ]
            ],
            [
              [
                86.93025149013465,
                27.898644901631716
              ],
              [
                86.93025160589157,
                27.89846435315043
              ],
              [
                86.93035321683067,
                27.898464404534064
              ],
              [
                86.93035327461929,
                27.898374130288932
              ],
              [
                86.93045488546856,
                27.8983741816007
              ],
              [
                86.93045471234524,
                27.898645004318134
              ],
              [
                86.93025149013465,
                27.898644901631716
              ]
            ],
            [
              [
                86.93025311061459,
                27.8961172224895
              ],
              [
                86.93025316849304,
                27.89602694821742
              ],
              [
                86.93035477715041,
                27.89602699959207
              ],
              [
                86.93035471936179,
                27.896117273864153
              ],
              [
                86.93025311061459,
                27.8961172224895
              ]
            ],
            [
              [
                86.93025363143981,
                27.895304753995838
              ],
              [
                86.93025368930928,
                27.895214479714774
              ],
              [
                86.93035529721209,
                27.895214531089426
              ],
              [
                86.93035523943244,
                27.89530480537049
              ],
              [
                86.93025363143981,
                27.895304753995838
              ]
            ],
            [
              [
                86.93045534713075,
                27.897651987621668
              ],
              [
                86.93045540483853,
                27.89756171336755
              ],
              [
                86.9306586250279,
                27.897561815757527
              ],
              [
                86.93065856749081,
                27.897652090011643
              ],
              [
                86.93045534713075,
                27.897651987621668
              ]
            ],
            [
              [
                86.93065833733344,
                27.898013187010143
              ],
              [
                86.93065850995372,
                27.89774236426576
              ],
              [
                86.93096334074083,
                27.897742517284787
              ],
              [
                86.93096316888413,
                27.89801334002917
              ],
              [
                86.93065833733344,
                27.898013187010143
              ]
            ],
            [
              [
                86.93076103944715,
                27.896298027170303
              ],
              [
                86.9307610968944,
                27.89620775289822
              ],
              [
                86.93086270572246,
                27.896207803904563
              ],
              [
                86.93086264835605,
                27.896298078176645
              ],
              [
                86.93076103944715,
                27.896298027170303
              ]
            ],
            [
              [
                86.93126720194931,
                27.899277331743445
              ],
              [
                86.93126731601738,
                27.899096783280125
              ],
              [
                86.93136892754937,
                27.899096833918158
              ],
              [
                86.931368813643,
                27.899277382381477
              ],
              [
                86.93126720194931,
                27.899277331743445
              ]
            ],
            [
              [
                86.9314712214776,
                27.898013593569676
              ],
              [
                86.93147127834095,
                27.89792331932454
              ],
              [
                86.93157288876802,
                27.89792336980088
              ],
              [
                86.93157283199449,
                27.898013644054995
              ],
              [
                86.9314712214776,
                27.898013593569676
              ]
            ],
            [
              [
                86.93187777659814,
                27.89783324655356
              ],
              [
                86.93187788965113,
                27.897652698045327
              ],
              [
                86.93197949983565,
                27.89765274822522
              ],
              [
                86.9319794433945,
                27.897743022479336
              ],
              [
                86.93208105365986,
                27.89774307258736
              ],
              [
                86.93208099729956,
                27.897833346841477
              ],
              [
                86.93187777659814,
                27.89783324655356
              ]
            ],
            [
              [
                86.93197966915909,
                27.897381925453885
              ],
              [
                86.93197972560024,
                27.89729165119977
              ],
              [
                86.93208133545238,
                27.897291701307797
              ],
              [
                86.9320813918037,
                27.897201427044696
              ],
              [
                86.93228461132833,
                27.89720152703617
              ],
              [
                86.93228455513871,
                27.897291801290287
              ],
              [
                86.93218294529554,
                27.897291751334972
              ],
              [
                86.93218288902507,
                27.897382025598073
              ],
              [
                86.93197966915909,
                27.897381925453885
              ]
            ],
            [
              [
                86.93258932873907,
                27.89738222497915
              ],
              [
                86.93258938467716,
                27.89729195071605
              ],
              [
                86.93269099452031,
                27.897292000374918
              ],
              [
                86.93269093867205,
                27.897382274629035
              ],
              [
                86.93258932873907,
                27.89738222497915
              ]
            ],
            [
              [
                86.93258944061526,
                27.89720167645295
              ],
              [
                86.93258949654437,
                27.89711140218985
              ],
              [
                86.93279271590728,
                27.897111501426743
              ],
              [
                86.93279266013987,
                27.89720177568984
              ],
              [
                86.93258944061526,
                27.89720167645295
              ]
            ],
            [
              [
                86.93279254860505,
                27.89738232421604
              ],
              [
                86.93279260437247,
                27.89729204995294
              ],
              [
                86.93309743391092,
                27.897292198255812
              ],
              [
                86.93309732288813,
                27.897472746773026
              ],
              [
                86.93289410285148,
                27.897472647985296
              ],
              [
                86.93289415853803,
                27.897382373722195
              ],
              [
                86.93279254860505,
                27.89738232421604
              ]
            ],
            [
              [
                86.93350365260342,
                27.897653491976374
              ],
              [
                86.933503818127,
                27.89738266919606
              ],
              [
                86.93360542805999,
                27.89738271818119
              ],
              [
                86.93360553824733,
                27.897202169654992
              ],
              [
                86.93380875778094,
                27.897202267400676
              ],
              [
                86.93380864793495,
                27.89738281592688
              ],
              [
                86.93391025786794,
                27.89738286467845
              ],
              [
                86.93391020302579,
                27.897473138941546
              ],
              [
                86.93380859300296,
                27.897473090180995
              ],
              [
                86.93380853807997,
                27.897563364444093
              ],
              [
                86.93360531788161,
                27.89756326669841
              ],
              [
                86.93360526278794,
                27.897653540961507
              ],
              [
                86.93350365260342,
                27.897653491976374
              ]
            ],
            [
              [
                86.93411309503364,
                27.898014881780743
              ],
              [
                86.93411314970511,
                27.897924607526626
              ],
              [
                86.93421476015014,
                27.8979246560626
              ],
              [
                86.93421470555953,
                27.898014930316716
              ],
              [
                86.93411309503364,
                27.898014881780743
              ]
            ],
            [
              [
                86.93451975447556,
                27.89765397844105
              ],
              [
                86.93451980880566,
                27.897563704186933
              ],
              [
                86.93462141890933,
                27.897563752417483
              ],
              [
                86.93462136466007,
                27.89765402668058
              ],
              [
                86.93451975447556,
                27.89765397844105
              ]
            ],
            [
              [
                86.93462158165711,
                27.897292929628183
              ],
              [
                86.93462163590637,
                27.89720265536508
              ],
              [
                86.93472324567767,
                27.897202703523764
              ],
              [
                86.93472319150925,
                27.897292977786865
              ],
              [
                86.93462158165711,
                27.897292929628183
              ]
            ],
            [
              [
                86.93472281235732,
                27.897924897610597
              ],
              [
                86.93472292068516,
                27.897744349102364
              ],
              [
                86.93492614123386,
                27.897744445195148
              ],
              [
                86.9349260332384,
                27.897924993712365
              ],
              [
                86.93472281235732,
                27.897924897610597
              ]
            ],
            [
              [
                86.934723029013,
                27.897563800576165
              ],
              [
                86.93472308318141,
                27.89747352632205
              ],
              [
                86.93492630322706,
                27.897473622414832
              ],
              [
                86.93492624922932,
                27.897563896677934
              ],
              [
                86.934723029013,
                27.897563800576165
              ]
            ],
            [
              [
                86.93472340816494,
                27.896931880725482
              ],
              [
                86.93472351649278,
                27.896751332181317
              ],
              [
                86.93512995388014,
                27.89675152406146
              ],
              [
                86.93512990005308,
                27.896841798333543
              ],
              [
                86.93523150948302,
                27.896841846123916
              ],
              [
                86.9352314557458,
                27.896932120396
              ],
              [
                86.93472340816494,
                27.896931880725482
              ]
            ],
            [
              [
                86.93492641121354,
                27.897293073888633
              ],
              [
                86.934926519209,
                27.89711252535345
              ],
              [
                86.93512973857193,
                27.897112621149795
              ],
              [
                86.93512963091783,
                27.897293169675994
              ],
              [
                86.93492641121354,
                27.897293073888633
              ]
            ],
            [
              [
                86.93513043829665,
                27.8959390555678
              ],
              [
                86.93513054595076,
                27.895758506996685
              ],
              [
                86.9352321543656,
                27.895758554778073
              ],
              [
                86.93523204689114,
                27.89593910334919
              ],
              [
                86.93513043829665,
                27.8959390555678
              ]
            ],
            [
              [
                86.93523032711146,
                27.898827879804315
              ],
              [
                86.93523043460387,
                27.89864733131405
              ],
              [
                86.93533204572263,
                27.898647379023572
              ],
              [
                86.93533193839191,
                27.89882792752282
              ],
              [
                86.93523032711146,
                27.898827879804315
              ]
            ],
            [
              [
                86.93533322623468,
                27.896661345289278
              ],
              [
                86.93533344086016,
                27.89630024818298
              ],
              [
                86.93543504977806,
                27.896300295811656
              ],
              [
                86.93543510335358,
                27.89621002153059
              ],
              [
                86.9355367121996,
                27.8962100690874
              ],
              [
                86.93553681917099,
                27.896029520525268
              ],
              [
                86.93563842784634,
                27.896029568010213
              ],
              [
                86.93563848124221,
                27.895939293729146
              ],
              [
                86.93604491560224,
                27.895939482905362
              ],
              [
                86.9360450217292,
                27.89575893433425
              ],
              [
                86.93614663015303,
                27.8957589814419
              ],
              [
                86.93614657717937,
                27.89584925573195
              ],
              [
                86.93624818568404,
                27.89584930276774
              ],
              [
                86.93624834437144,
                27.89557847989759
              ],
              [
                86.9361467361183,
                27.895578432870785
              ],
              [
                86.93614678909195,
                27.895488158580736
              ],
              [
                86.93645161359984,
                27.895488299445557
              ],
              [
                86.93645140269338,
                27.895849396605755
              ],
              [
                86.93634979418871,
                27.895849349722678
              ],
              [
                86.93634974137676,
                27.895939624003745
              ],
              [
                86.93624813278225,
                27.895939577048804
              ],
              [
                86.93624802699665,
                27.89612012561992
              ],
              [
                86.93645124450904,
                27.896120219457934
              ],
              [
                86.93645119178692,
                27.896210493739
              ],
              [
                86.93665440947,
                27.89621058728057
              ],
              [
                86.93665435691855,
                27.89630086157062
              ],
              [
                86.93655274798269,
                27.896300814831278
              ],
              [
                86.93655269534142,
                27.896391089112342
              ],
              [
                86.93645108632471,
                27.896391042301133
              ],
              [
                86.93645098087147,
                27.896571590863264
              ],
              [
                86.93634937168409,
                27.89657154397121
              ],
              [
                86.93634926606018,
                27.896752092524356
              ],
              [
                86.93624765671109,
                27.896752045569418
              ],
              [
                86.93624739222012,
                27.89720341692085
              ],
              [
                86.93614578244882,
                27.89720336988506
              ],
              [
                86.93614583543146,
                27.89711309562196
              ],
              [
                86.93604422574101,
                27.89711304850532
              ],
              [
                86.93604427881348,
                27.897022774242224
              ],
              [
                86.93584105960328,
                27.897022679793356
              ],
              [
                86.9358410063691,
                27.897112954065438
              ],
              [
                86.9356377869972,
                27.897112859320124
              ],
              [
                86.93563784040205,
                27.89702258504804
              ],
              [
                86.93553623080143,
                27.897022537563096
              ],
              [
                86.93553644475318,
                27.896661440474762
              ],
              [
                86.93533322623468,
                27.896661345289278
              ]
            ],
            [
              [
                86.93533360182029,
                27.89602942533978
              ],
              [
                86.93533365547667,
                27.895939151058716
              ],
              [
                86.93543526406219,
                27.89593919868739
              ],
              [
                86.93543521049564,
                27.896029472968458
              ],
              [
                86.93533360182029,
                27.89602942533978
              ]
            ],
            [
              [
                86.93574024978174,
                27.895668518281063
              ],
              [
                86.93574030310573,
                27.895578243991014
              ],
              [
                86.93594351961201,
                27.89557833857463
              ],
              [
                86.9359434664587,
                27.89566861286468
              ],
              [
                86.93574024978174,
                27.895668518281063
              ]
            ],
            [
              [
                86.93685705084788,
                27.897203697563526
              ],
              [
                86.93685710324661,
                27.897113423291444
              ],
              [
                86.93706032261852,
                27.897113516240125
              ],
              [
                86.93706027039046,
                27.897203790512208
              ],
              [
                86.93685705084788,
                27.897203697563526
              ]
            ],
            [
              [
                86.93736504774579,
                27.897294203636886
              ],
              [
                86.93736515168985,
                27.897113655101702
              ],
              [
                86.93746676138029,
                27.897113701239174
              ],
              [
                86.93746665759794,
                27.897294249774358
              ],
              [
                86.93736504774579,
                27.897294203636886
              ]
            ],
            [
              [
                86.92374743081997,
                27.899995570539097
              ],
              [
                86.92364581846152,
                27.899995514286594
              ],
              [
                86.9236456917362,
                27.900176062696012
              ],
              [
                86.92344246669592,
                27.900175949957443
              ],
              [
                86.92344259376262,
                27.899995401548026
              ],
              [
                86.92354420611207,
                27.899995457953242
              ],
              [
                86.9235443330081,
                27.89981490953484
              ],
              [
                86.92374755737463,
                27.899815022120695
              ],
              [
                86.92374743081997,
                27.899995570539097
              ]
            ],
            [
              [
                86.92903333463435,
                27.896838794232487
              ],
              [
                86.9289317252224,
                27.89683874187867
              ],
              [
                86.9289318431622,
                27.896658193352472
              ],
              [
                86.92913506165377,
                27.896658297988235
              ],
              [
                86.92913500285005,
                27.896748572251337
              ],
              [
                86.92903339351892,
                27.89674851996939
              ],
              [
                86.92903333463435,
                27.896838794232487
              ]
            ],
            [
              [
                86.93604411960507,
                27.89729359704949
              ],
              [
                86.93584089990078,
                27.89729350260062
              ],
              [
                86.93584095313494,
                27.897203228328536
              ],
              [
                86.93604417267753,
                27.897203322777408
              ],
              [
                86.93604411960507,
                27.89729359704949
              ]
            ],
            [
              [
                86.93512946943667,
                27.89756399246529
              ],
              [
                86.93523107954034,
                27.897564040255666
              ],
              [
                86.93523102580312,
                27.897654314518764
              ],
              [
                86.93512941560961,
                27.89765426672839
              ],
              [
                86.93512946943667,
                27.89756399246529
              ]
            ],
            [
              [
                86.93512946943667,
                27.89756399246529
              ],
              [
                86.93502785933299,
                27.897563944612035
              ],
              [
                86.9350279132409,
                27.897473670348937
              ],
              [
                86.93512952326373,
                27.897473718211174
              ],
              [
                86.93512946943667,
                27.89756399246529
              ]
            ],
            [
              [
                86.92354534812233,
                27.898370522034913
              ],
              [
                86.92374856979391,
                27.898370634611783
              ],
              [
                86.92374850651659,
                27.898460908838953
              ],
              [
                86.9235452846833,
                27.898460796262082
              ],
              [
                86.92354534812233,
                27.898370522034913
              ]
            ],
            [
              [
                86.93604411960507,
                27.89729359704949
              ],
              [
                86.93614572945721,
                27.89729364415714
              ],
              [
                86.93614567647457,
                27.897383918420243
              ],
              [
                86.93604406654158,
                27.897383871312588
              ],
              [
                86.93604411960507,
                27.89729359704949
              ]
            ],
            [
              [
                86.92212253798485,
                27.898730822488268
              ],
              [
                86.92212247336005,
                27.898821096706452
              ],
              [
                86.92202086211552,
                27.898821039250205
              ],
              [
                86.92202092682116,
                27.89873076503202
              ],
              [
                86.92212253798485,
                27.898730822488268
              ]
            ],
            [
              [
                86.92354534812233,
                27.898370522034913
              ],
              [
                86.92344373729102,
                27.898370465629696
              ],
              [
                86.92344354670445,
                27.898641288311197
              ],
              [
                86.92334193562162,
                27.898641231834116
              ],
              [
                86.92334187201192,
                27.8987315060523
              ],
              [
                86.92313864966658,
                27.898731392873557
              ],
              [
                86.92313877722735,
                27.898550844428208
              ],
              [
                86.92303716623435,
                27.898550787726546
              ],
              [
                86.92303729395681,
                27.89837023927221
              ],
              [
                86.92324051561943,
                27.898370352603667
              ],
              [
                86.92324057931896,
                27.8982800783765
              ],
              [
                86.92354541156135,
                27.898280247798763
              ],
              [
                86.92354534812233,
                27.898370522034913
              ]
            ],
            [
              [
                86.92903333463435,
                27.896838794232487
              ],
              [
                86.92923655346728,
                27.896838898706555
              ],
              [
                86.9292364947534,
                27.896929172969653
              ],
              [
                86.92913488525159,
                27.896929120768554
              ],
              [
                86.92913482644788,
                27.89701939502267
              ],
              [
                86.92903321686522,
                27.897019342749704
              ],
              [
                86.92903333463435,
                27.896838794232487
              ]
            ],
            [
              [
                86.93655248475834,
                27.89675218621864
              ],
              [
                86.9365523794668,
                27.896932734771788
              ],
              [
                86.93645076994704,
                27.89693268796058
              ],
              [
                86.93645087540926,
                27.896752139407432
              ],
              [
                86.93655248475834,
                27.89675218621864
              ]
            ],
            [
              [
                86.92212253798485,
                27.898730822488268
              ],
              [
                86.92212260260965,
                27.8986405482611
              ],
              [
                86.92232582477531,
                27.89864066294003
              ],
              [
                86.92232576032119,
                27.898730937167198
              ],
              [
                86.92212253798485,
                27.898730822488268
              ]
            ],
            [
              [
                86.93655248475834,
                27.89675218621864
              ],
              [
                86.93655264270014,
                27.89648136339341
              ],
              [
                86.93665425179769,
                27.89648141012377
              ],
              [
                86.93665430435811,
                27.896391135842705
              ],
              [
                86.93675591336584,
                27.896391182510182
              ],
              [
                86.93675586089525,
                27.896481456782265
              ],
              [
                86.9368574699928,
                27.896481503368896
              ],
              [
                86.93685736520433,
                27.896662051922046
              ],
              [
                86.93675575593609,
                27.896662005344396
              ],
              [
                86.9367557034655,
                27.896752279616482
              ],
              [
                86.93655248475834,
                27.89675218621864
              ]
            ],
            [
              [
                86.92435691661187,
                27.90026672911865
              ],
              [
                86.92395046618996,
                27.900266505447124
              ],
              [
                86.92395052930559,
                27.900176231237925
              ],
              [
                86.92384891677646,
                27.900176175138135
              ],
              [
                86.92384872719602,
                27.90044699774777
              ],
              [
                86.92354388887203,
                27.900446828972296
              ],
              [
                86.92354395232003,
                27.900356554772078
              ],
              [
                86.92364556501086,
                27.90035661110543
              ],
              [
                86.92364562837801,
                27.90026633690521
              ],
              [
                86.923747240979,
                27.900266393157715
              ],
              [
                86.92374743081997,
                27.899995570539097
              ],
              [
                86.9239506555189,
                27.899995682828507
              ],
              [
                86.92395071863452,
                27.899905408619304
              ],
              [
                86.92405233090312,
                27.89990546464723
              ],
              [
                86.92405239392893,
                27.89981519043803
              ],
              [
                86.92415400610771,
                27.899815246394088
              ],
              [
                86.92415406905266,
                27.899724972184888
              ],
              [
                86.92425568115058,
                27.899725028060097
              ],
              [
                86.92425561829548,
                27.89981530227828
              ],
              [
                86.92435723048322,
                27.89981535808163
              ],
              [
                86.92435729324852,
                27.899725083872426
              ],
              [
                86.92456051745336,
                27.89972519525454
              ],
              [
                86.92456039224618,
                27.899905743681924
              ],
              [
                86.92445877997757,
                27.899905688022308
              ],
              [
                86.92445871729313,
                27.89999596223151
              ],
              [
                86.92435710493469,
                27.899995906500028
              ],
              [
                86.92435716770896,
                27.899905632290828
              ],
              [
                86.92415394317175,
                27.89990552060329
              ],
              [
                86.92415388022678,
                27.89999579481249
              ],
              [
                86.92405226787733,
                27.899995738856433
              ],
              [
                86.92405220485153,
                27.900086013065632
              ],
              [
                86.92435704216041,
                27.90008618070923
              ],
              [
                86.92435691661187,
                27.90026672911865
              ]
            ],
            [
              [
                86.92445840384397,
                27.900447333259546
              ],
              [
                86.92435679106333,
                27.900447277528066
              ],
              [
                86.92435691661187,
                27.90026672911865
              ],
              [
                86.92445852922184,
                27.90026678485013
              ],
              [
                86.92445840384397,
                27.900447333259546
              ]
            ],
            [
              [
                86.9318771547933,
                27.898826263250026
              ],
              [
                86.93167393223237,
                27.898826162656682
              ],
              [
                86.93167387553969,
                27.898916436892833
              ],
              [
                86.93147065281707,
                27.898916336003044
              ],
              [
                86.93147076655276,
                27.89873578752176
              ],
              [
                86.9315723777434,
                27.898735838007077
              ],
              [
                86.93157249130842,
                27.898555289525795
              ],
              [
                86.93167410232836,
                27.898555339939247
              ],
              [
                86.93167415903002,
                27.898465065694115
              ],
              [
                86.93177576996914,
                27.89846511602672
              ],
              [
                86.93177582658096,
                27.898374841781585
              ],
              [
                86.93197904829746,
                27.89837494222222
              ],
              [
                86.93197893540619,
                27.898555490712486
              ],
              [
                86.93187732437725,
                27.898555440532594
              ],
              [
                86.9318771547933,
                27.898826263250026
              ]
            ]
          ],
          [
            [
              [
                86.93187732437725,
                27.898555440532594
              ],
              [
                86.9317757133573,
                27.898555390271852
              ],
              [
                86.93177576996914,
                27.89846511602672
              ],
              [
                86.93187738090823,
                27.89846516628746
              ],
              [
                86.93187732437725,
                27.898555440532594
              ]
            ]
          ],
          [
            [
              [
                86.92700066180782,
                27.897559926941845
              ],
              [
                86.92730549205595,
                27.89756008805469
              ],
              [
                86.92730537142118,
                27.897740636544956
              ],
              [
                86.92740698166858,
                27.897740690102513
              ],
              [
                86.92740686119552,
                27.8979212385838
              ],
              [
                86.9271020299323,
                27.897921077695532
              ],
              [
                86.92710215090842,
                27.897740529214246
              ],
              [
                86.92700054066101,
                27.897740475432112
              ],
              [
                86.92700066180782,
                27.897559926941845
              ]
            ]
          ],
          [
            [
              [
                86.92943836708356,
                27.899005584803312
              ],
              [
                86.92964158996789,
                27.89900568870246
              ],
              [
                86.92964153158637,
                27.899095962929625
              ],
              [
                86.92953992005438,
                27.89909591102497
              ],
              [
                86.92953986159202,
                27.899186185252137
              ],
              [
                86.92943824997919,
                27.89918613326663
              ],
              [
                86.92943836708356,
                27.899005584803312
              ]
            ]
          ],
          [
            [
              [
                86.93004791963826,
                27.899186444047785
              ],
              [
                86.92984469642155,
                27.89918634075051
              ],
              [
                86.92984463820174,
                27.89927661498666
              ],
              [
                86.92974302650805,
                27.899276563225737
              ],
              [
                86.92974320141005,
                27.89900574053525
              ],
              [
                86.92964158996789,
                27.89900568870246
              ],
              [
                86.92964164835837,
                27.89891541446631
              ],
              [
                86.92994648242434,
                27.898915569740105
              ],
              [
                86.92994642429436,
                27.899005843976255
              ],
              [
                86.93004803573652,
                27.89900589558447
              ],
              [
                86.93004791963826,
                27.899186444047785
              ]
            ]
          ],
          [
            [
              [
                86.93004791963826,
                27.899186444047785
              ],
              [
                86.93035275446779,
                27.899186598423267
              ],
              [
                86.93035263888156,
                27.899367146886586
              ],
              [
                86.93014941532351,
                27.899367044038467
              ],
              [
                86.93014935735522,
                27.899457318265636
              ],
              [
                86.93004774549085,
                27.89945726673827
              ],
              [
                86.93004768744171,
                27.899547540965436
              ],
              [
                86.9299460754965,
                27.89954748934824
              ],
              [
                86.92994619176545,
                27.899366940893906
              ],
              [
                86.93004780353999,
                27.89936699250212
              ],
              [
                86.93004791963826,
                27.899186444047785
              ]
            ]
          ]
        ]
      },
      "id": "+16821+12518",
      "properties": {
        "area_m2": 725700.0703133787,
        "count": 7240,
        "image_id": "COPERNICUS/S1_GRD/S1A_IW_GRDH_1SDV_20251121T001124_20251121T001149_061968_07C02A_9397",
        "lake_id": "imja-tsho",
        "observed_at": "2025-11-21T00:11:24Z",
        "water": 1
      }
    }
  ]
}
